"id";"identifier";"city_id";"police_station_id";"location_id";"created_at";"updated_at";"deleted_at"
1;"AL 01 - COAR Fija";2;32;1;"2025-05-05 12:27:54";"2025-05-05 12:27:54";""
2;"AP 01 - Av. San Martin y Amadeo Alagia";3;21;2;"2025-05-05 12:30:28";"2025-05-05 12:30:28";""
3;"BL 01 - San Martin y Esteban Adaro";4;22;3;"2025-05-05 12:33:00";"2025-05-05 12:33:00";""
4;"BL ENTE - Ruta 7 Ingreso a Balde";4;22;4;"2025-05-05 12:34:52";"2025-05-05 12:34:52";""
5;"BZ 01 - Ruta 146 Ingreso a Beazley";5;23;5;"2025-05-05 12:54:24";"2025-05-05 12:54:24";""
6;"CN 01 - Ruiz Transito esq San Martin";6;24;6;"2025-05-05 13:01:05";"2025-05-05 13:01:05";""
7;"CN 02 Av. Beato Gonzalez y Ruta 79";6;24;7;"2025-05-05 13:04:15";"2025-05-05 13:04:15";""
8;"CA 01 - Centro de Salud";7;28;8;"2025-05-05 14:18:44";"2025-05-05 14:18:44";""
9;"CP 361 - Peaje Perilago";8;25;9;"2025-05-05 14:25:30";"2025-05-05 14:25:30";""
10;"DE 01 - Isla de Servicios";9;22;10;"2025-05-05 15:11:48";"2025-05-05 15:11:48";""
11;"Cementerio San José";1;1;11;"2025-05-05 15:14:59";"2025-05-05 15:14:59";""
12;"Pedernera - Sociedad Israelí";1;1;12;"2025-05-05 15:18:02";"2025-05-05 15:18:02";""
13;"Planta Verificadora Lado Este";1;2;13;"2025-05-05 15:20:31";"2025-05-05 16:01:23";""
14;"Planta Verificadora Lado Este 2";1;2;14;"2025-05-05 15:24:49";"2025-05-05 15:24:49";""
15;"Planta Verificador Lado Norte";1;2;15;"2025-05-05 16:04:04";"2025-05-05 16:04:04";""
16;"Planta Verificadora Lado Sur";1;2;16;"2025-05-05 16:25:32";"2025-05-05 16:25:32";""
17;"Planta Verificadora Lado sur 2";1;2;17;"2025-05-05 16:26:50";"2025-05-05 16:26:50";""
18;"Planta Verificadora Lado Norte 2";1;2;18;"2025-05-05 16:27:43";"2025-05-05 16:27:43";""
19;"EDIRO 1 - Estacionamiento Norte";1;19;19;"2025-05-05 16:29:55";"2025-05-05 16:29:55";""
20;"EDIRO 2 - Parada de Taxi Norte";1;19;20;"2025-05-05 16:31:13";"2025-05-05 16:31:13";""
21;"EM 01 - Autopista 25 de Mayo (El Molle)";10;34;21;"2025-05-05 16:40:17";"2025-05-05 16:40:17";""
22;"ET 01 - Estación YPF";11;26;22;"2025-05-05 16:43:28";"2025-05-05 16:46:00";""
23;"ET 02 - Egreso de El Trapiche";11;26;23;"2025-05-05 16:45:37";"2025-05-05 16:45:37";""
24;"ET 03 - Paseo Artesanos";11;26;24;"2025-05-05 16:50:21";"2025-05-05 16:50:21";""
25;"ET 04 - Puente 4";11;26;25;"2025-05-05 16:54:49";"2025-05-05 16:54:49";""
26;"ET 05 - Salida a Río Grande";11;26;26;"2025-05-05 16:56:30";"2025-05-05 16:56:30";""
27;"ET 06 - Ingreso a El Trapiche";11;26;27;"2025-05-05 16:58:05";"2025-05-05 16:58:05";""
28;"ET 07 - Av. San Martín";11;26;28;"2025-05-05 17:06:08";"2025-05-05 17:06:08";""
29;"EV 01 - Rotonda R9 y R20";12;25;29;"2025-05-05 17:11:56";"2025-05-05 17:11:56";""
30;"EV 02 - Balneario";12;25;30;"2025-05-05 17:14:29";"2025-05-05 17:14:29";""
31;"EV 03 - Av Pringles y Esteban Agüero";12;25;31;"2025-05-05 17:16:24";"2025-05-05 17:16:24";""
32;"EV 04 - Cruce Plaza Saludable";12;25;32;"2025-05-05 17:19:25";"2025-05-05 17:19:25";""
33;"EG 01 - Ruta 9 - Acceso Monumento al Sol";13;27;33;"2025-05-05 17:25:17";"2025-05-05 17:25:17";""
34;"EG 02 - Ingreso a EG por Estrechura";13;27;34;"2025-05-05 17:29:14";"2025-05-05 17:29:14";""
35;"EG 03 - Egreso a EG por Estrechura";13;27;35;"2025-05-05 17:36:27";"2025-05-05 17:36:27";""
36;"EG 04 - Ingreso Durazno - Cámara 1";13;27;36;"2025-05-05 17:39:54";"2025-05-05 17:39:54";""
37;"EG 05 - Casa Suiza";13;27;37;"2025-05-05 17:41:00";"2025-05-05 17:41:00";""
38;"JK 51 - Estación de Servicio Esso";14;5;38;"2025-05-05 17:46:33";"2025-05-05 17:46:33";""
39;"JK - 52 - Comisaria 5ta";14;5;39;"2025-05-05 17:48:25";"2025-05-05 17:48:25";""
40;"JK - 53 - Aguada y Mamerto Esquiu";14;5;40;"2025-05-05 17:50:42";"2025-05-05 17:50:42";""
41;"JK - 54 - Iglesia San Roque";14;14;41;"2025-05-05 17:52:02";"2025-05-05 17:52:02";""
42;"JK - 55 - Rotonda (Flay)";14;14;42;"2025-05-05 17:53:22";"2025-05-05 17:53:22";""
43;"JK - 56 - Rotonda Cuchi, Volcán, Potrero";14;14;43;"2025-05-05 17:54:54";"2025-05-05 17:54:54";""
44;"JK - 57 - Hotel Cruz de Piedra";14;14;44;"2025-05-05 17:58:49";"2025-05-05 17:58:49";""
45;"JK - 59 - Rotonda Monumento";14;14;45;"2025-05-05 18:01:17";"2025-05-05 18:01:17";""
46;"JK - 60 - Av. del Chorillero y Fatima";14;5;46;"2025-05-05 18:05:30";"2025-05-05 18:05:30";""
47;"JK - 61 -Rotonda Potrero( RS11)";14;14;47;"2025-05-05 18:08:35";"2025-05-05 18:08:35";""
48;"JK - 62 - Av. del Chorrillero y Concaran";14;5;48;"2025-05-05 18:10:33";"2025-05-05 18:10:33";""
49;"JK - 63 -Salida de Aqua (fija)";14;5;49;"2025-05-05 18:11:49";"2025-05-05 18:11:49";""
50;"JK - 64 - Av. Domingo Perón - frente a la Mega";14;14;50;"2025-05-05 18:14:23";"2025-05-05 18:14:23";""
51;"JK - 65 - Av. Central los Nogales y Virgen del Carmen";14;5;51;"2025-05-05 18:16:29";"2025-05-05 18:16:29";""
52;"JK - 66 - Av. Del Portezuelo";14;14;52;"2025-05-05 18:20:33";"2025-05-05 18:20:33";""
53;"JK - 67 - Camino de la Aguada y Los Pejes";14;5;53;"2025-05-05 18:25:57";"2025-05-05 18:25:57";""
54;"JK - 68 - Cruce Av. Santos Ortiz e YPF Agro";14;5;54;"2025-05-05 18:28:07";"2025-05-05 18:28:07";""
55;"JK - 69 - Rotonda Monumento Islas Malvinas";14;5;55;"2025-05-05 18:31:08";"2025-05-05 18:31:08";""
56;"JK - 70 - Ruta 9 y Cruce Barrio Altos de los Puquios";14;14;56;"2025-05-05 18:32:34";"2025-05-05 18:32:34";""
57;"JK - 142 - Av. Los Eucaliptos y Concaran";14;14;57;"2025-05-05 18:35:02";"2025-05-05 18:35:02";""
58;"JK - 300 - Perón y Pancha Hernández";14;14;58;"2025-05-05 18:37:54";"2025-05-05 18:37:54";""
59;"JK - 301 - Perón y Rosendo Hernández";14;14;59;"2025-05-05 18:39:50";"2025-05-05 18:39:50";""
60;"JK - 302 - Pancha Hernández y Las Higueras";14;14;60;"2025-05-05 18:41:23";"2025-05-05 18:41:23";""
61;"JK - 303 - Los Eucaliptos y Fabrica Estireno";14;14;61;"2025-05-05 18:43:41";"2025-05-05 18:43:41";""
62;"JK - 304 - Bv. Toribio Videla";14;5;62;"2025-05-05 18:49:13";"2025-05-05 18:49:13";""
63;"JK - 305 - Aguada y las Americas";14;5;63;"2025-05-05 18:50:32";"2025-05-05 18:50:32";""
64;"JK - 306 - 20 de Noviembre y Gomes Isleños";14;5;64;"2025-05-05 18:52:15";"2025-05-05 18:52:15";""
65;"JK - 307 - B° Los Eucaliptos Mz40 y 25";14;14;65;"2025-05-05 18:54:29";"2025-05-05 18:54:29";""
66;"JK - 308 - Bertin y Pueyrredón";14;5;66;"2025-05-05 18:56:13";"2025-05-05 18:56:13";""
67;"JK - 309 - Rotonda Cuchy Corral";14;14;67;"2025-05-05 18:57:29";"2025-05-05 18:57:29";""
68;"JK - 310 - Municipalidad de Juana Koslay y Av. Portezuelo";14;14;68;"2025-05-05 18:59:39";"2025-05-05 18:59:39";""
69;"JK - 311 - Cerros Colorados Mza 28";14;14;69;"2025-05-05 19:01:17";"2025-05-05 19:01:17";""
70;"JK - 312 - Ingreso Cerro de la Cruz";14;5;70;"2025-05-05 19:06:27";"2025-05-05 19:06:27";""
71;"LC 01 - La Cumbre";15;5;71;"2025-05-06 11:03:56";"2025-05-06 11:03:56";""
72;"LP 71 - Ruta 146 y Bv. Las Cañadas";16;12;72;"2025-05-06 11:06:17";"2025-05-06 11:06:17";""
73;"LP 73 - Rotonda Plaza de lo Niños";16;12;73;"2025-05-06 11:08:43";"2025-05-06 11:08:43";""
74;"LP 74 - Bv Tobar García y Calle 22 Oeste";16;12;74;"2025-05-06 11:12:59";"2025-05-06 11:12:59";""
75;"LP 75 - Tobar García y Calle 22 Este";16;12;75;"2025-05-06 11:18:51";"2025-05-06 11:18:51";""
76;"LP 76 - Bv. Las Cañadas y Av. 25 de Mayo";16;12;76;"2025-05-06 11:23:31";"2025-05-06 11:23:31";""
77;"LP 77 - Calle 9 Norte y Calle 26 Este";16;15;77;"2025-05-06 11:31:31";"2025-05-06 11:31:31";""
78;"LP 78 - Calle 9 Norte y Av. Serrana";16;15;78;"2025-05-06 11:34:10";"2025-05-06 11:34:10";""
79;"LP 79 - Acceso a B° Los Lapachos";16;15;79;"2025-05-06 11:36:30";"2025-05-06 11:36:30";""
80;"LP 81 - Av. Serrana Frente del Aiello";16;12;80;"2025-05-06 11:38:36";"2025-05-06 11:38:36";""
81;"LP 82 - Av. 25 de Mayo y Bajada del Mirador";16;12;81;"2025-05-06 11:40:18";"2025-05-06 11:40:18";""
82;"LP 84 - Bv Tobar García y Calle 12 Oeste";16;12;82;"2025-05-06 11:43:21";"2025-05-06 11:43:21";""
83;"LP 85 - Estación el Salvador sobre Tobar García";16;12;83;"2025-05-06 11:48:19";"2025-05-06 11:48:19";""
84;"LP 86 - Av. Serrana Frente Comisaria 28°";16;12;84;"2025-05-06 11:50:26";"2025-05-06 11:50:26";""
85;"LP 87 - Calle 9 Norte y Calle 50 Este";16;15;85;"2025-05-06 11:52:57";"2025-05-06 11:52:57";""
86;"LP 88 - Estadio Juan G. Funes";16;12;86;"2025-05-06 11:54:33";"2025-05-06 11:54:33";""
87;"LP 201 - Rotonda del Cabildo";16;15;87;"2025-05-06 12:01:30";"2025-05-06 12:01:30";""
88;"LP 202 - Av. Las Cañadas - B° 30 Viv.";16;12;88;"2025-05-06 12:03:49";"2025-05-06 12:03:49";""
89;"LP 203 - Bv. Tobar García (Entre Lic. 6 y 7) Parada de Colectivo";16;12;89;"2025-05-06 12:10:30";"2025-05-06 12:10:30";""
90;"LP 204 - Av. 25 de Mayo y Salida Mod. 15";16;15;90;"2025-05-06 12:13:11";"2025-05-06 12:13:11";""
91;"LP 205 - Bv. Tobar García y Calle 6 Oeste";16;12;91;"2025-05-06 12:15:24";"2025-05-06 12:15:24";""
92;"LP 206 - Calle 5 Norte y Av. Serrana";16;12;92;"2025-05-06 12:19:14";"2025-05-06 12:19:14";""
93;"LP 207 - Modulo 1 - BV Tobar García";16;12;93;"2025-05-06 12:26:18";"2025-05-06 12:26:18";""
94;"LP 208 - Hospital (Modulo 1)";16;12;94;"2025-05-06 12:38:51";"2025-05-06 12:38:51";""
95;"LP 209 - Tobar García y Calle 40 Este";16;12;95;"2025-05-06 12:40:54";"2025-05-06 12:40:54";""
96;"LP 210 - Calle 5 Norte entre 22 y 24 Oeste";16;12;96;"2025-05-06 12:44:35";"2025-05-06 12:44:35";""
97;"LP 211 - B° Los Lapachos frente al Balneario";16;15;97;"2025-05-06 12:46:36";"2025-05-06 12:46:36";""
98;"LP 212 - Calle 14 Norte y Calle 16 Oeste";16;15;98;"2025-05-06 12:49:41";"2025-05-06 12:49:41";""
99;"LP 213 - Calle 1 Sur y Calle 18 Oeste";16;12;99;"2025-05-06 12:52:09";"2025-05-06 12:52:09";""
100;"LP 214 - Residencia ULP";16;15;100;"2025-05-06 12:54:25";"2025-05-06 12:54:25";""
101;"LP 215 - Ludoteca Los Miraflores";16;15;101;"2025-05-06 12:56:19";"2025-05-06 12:56:19";""
102;"LP 216 - Esc EPA N° 13 Esther Guevara";16;15;102;"2025-05-06 13:01:06";"2025-05-06 13:01:06";""
103;"LP 217 - Av. Serrana y Rotonda Los Vientos";16;15;103;"2025-05-06 13:03:19";"2025-05-06 13:03:19";""
104;"LP 218 - Acceso Sur Diego Maradona";16;12;104;"2025-05-06 13:05:37";"2025-05-06 13:05:37";""
105;"LP 219 - Rotonda Bv. Las Cañadas";16;12;105;"2025-05-06 13:06:51";"2025-05-06 13:06:51";""
106;"LP 220 - Autopista 25 de Mayo (Hostería Sol Y Tierra)";16;12;106;"2025-05-06 13:10:31";"2025-05-06 13:10:31";""
107;"LP 315 - Bv. Tobar García y Calle 30 Este";16;12;107;"2025-05-06 13:12:28";"2025-05-06 13:12:28";""
108;"LP 316 - Calle 5 Sur y Calle 30 Oeste";16;12;108;"2025-05-06 13:14:55";"2025-05-06 13:14:55";""
109;"LP 318 - Ingreso a B° Uocra";16;15;109;"2025-05-06 13:16:22";"2025-05-06 13:16:22";""
110;"LP 319 - Intersección Mod. 12 - 100 Viv. y 108 Viv";16;15;110;"2025-05-06 13:19:56";"2025-05-06 13:19:56";""
111;"LT 01 - Chacabuco e Hipólito Yrigoyen";17;29;111;"2025-05-06 13:29:17";"2025-05-06 13:29:17";""
112;"LT 02 - Centenario y Balcarce";17;29;112;"2025-05-06 13:31:19";"2025-05-06 13:31:19";""
113;"LT 03 - Rotonda Río Conlara";17;29;113;"2025-05-06 13:32:33";"2025-05-06 13:32:33";""
114;"LT 04 - Av. Belgrano y Las Heras";17;29;114;"2025-05-06 13:34:40";"2025-05-06 13:34:40";""
115;"PQ 01 - Ruta 20 y Planta Potabilizadora";18;5;115;"2025-05-06 13:37:26";"2025-05-06 13:37:26";""
116;"PQ 02 - Barrio Los Puquios";18;5;116;"2025-05-06 13:38:52";"2025-05-06 13:38:52";""
117;"LU 01 - Centenario y J Lucero";19;30;117;"2025-05-06 13:43:40";"2025-05-06 13:43:40";""
118;"LU 02 - Centenario y 9 de Julio";19;30;118;"2025-05-06 14:11:52";"2025-05-06 14:11:52";""
119;"LU 03 - Ayacucho y 9 de Julio";19;30;119;"2025-05-06 14:14:17";"2025-05-06 14:14:17";""
120;"NO 01 - Pringles y Nogolí";20;31;120;"2025-05-06 14:16:35";"2025-05-06 14:16:35";""
121;"NO 02 - Ruta N° 3 y 9 de Julio";20;31;121;"2025-05-06 14:18:12";"2025-05-06 14:18:12";""
122;"SL 353 - Parkur 1";1;2;122;"2025-05-06 14:22:18";"2025-05-06 14:22:18";""
123;"SL 354 - Parkur 2";1;2;123;"2025-05-06 14:23:15";"2025-05-06 14:23:15";""
124;"SL 355 - BMX Street 1";1;2;124;"2025-05-06 14:24:23";"2025-05-06 14:24:23";""
125;"SL 356 - BMX Street 2";1;2;125;"2025-05-06 14:25:26";"2025-05-06 14:25:26";""
126;"SL 357 - Skate Park";1;2;126;"2025-05-06 14:26:58";"2025-05-06 14:26:58";""
127;"SL 358 - BMX Dirt 1";1;2;127;"2025-05-06 14:27:56";"2025-05-06 14:27:56";""
128;"SL 359 - BMX Dirt 2";1;2;128;"2025-05-06 14:28:59";"2025-05-06 14:28:59";""
129;"PF 101 - Circuito salida a El Volcán";21;13;129;"2025-05-06 14:31:40";"2025-05-06 14:31:40";""
130;"PF 102 - Circuito Pasando Ingreso Hotel Potrero";21;13;130;"2025-05-06 14:35:15";"2025-05-06 14:35:15";""
131;"PF 103 - Salida a La Punta";21;13;131;"2025-05-06 14:37:45";"2025-05-06 14:37:45";""
132;"PF 312 - Las Margaritas y Los Jazmines";21;13;132;"2025-05-06 14:39:45";"2025-05-06 14:39:45";""
133;"PF 313 - Los Sauces y Los Tilos";21;13;133;"2025-05-06 14:41:34";"2025-05-06 14:41:34";""
134;"PF 314 - Frente a Boxes Acceso A14/A15";21;13;134;"2025-05-06 14:43:54";"2025-05-06 14:43:54";""
135;"PF 315 - Boxes";21;13;135;"2025-05-06 14:46:20";"2025-05-06 14:46:20";""
136;"PF 316 - Los Eucaliptos";21;13;136;"2025-05-06 14:49:15";"2025-05-06 14:49:15";""
137;"PF 317 - Los Manantiales y Los Espinillos";21;13;137;"2025-05-06 14:53:12";"2025-05-06 14:53:12";""
138;"PF 318 - Circuito y Los Ciruelos";21;13;138;"2025-05-06 14:55:30";"2025-05-06 14:55:30";""
139;"QU 144 - Acceso a Quines";22;8;139;"2025-05-06 15:04:42";"2025-05-06 15:04:42";""
140;"QU 145 - Terminal de Omnibus";22;8;140;"2025-05-06 15:08:53";"2025-05-06 15:08:53";""
141;"QU 146 - Av. San Martin y Sarmiento";22;8;141;"2025-05-06 15:10:55";"2025-05-06 15:10:55";""
142;"QU 147 - 25 de Mayo y San Martin";22;8;142;"2025-05-06 15:12:42";"2025-05-06 15:12:42";""
143;"RG 01 - Ruta 9 KM - Ingreso al Trapiche";23;26;143;"2025-05-06 15:29:14";"2025-05-06 15:29:14";""
144;"SA 01 - San Luis Rey y San Martin";24;10;144;"2025-05-06 15:32:24";"2025-05-06 15:32:24";""
145;"SF 147 - Acceso a la Terminal";25;32;145;"2025-05-06 15:35:25";"2025-05-06 15:35:25";""
146;"SF 148 - Av. Centenario y 25 de Mayo";25;32;146;"2025-05-06 15:37:33";"2025-05-06 15:37:33";""
147;"SF 149 - Plaza Pringles sobre Sarmiento";25;32;147;"2025-05-06 15:39:34";"2025-05-06 15:39:34";""
148;"SF 150 - Eulalio Astudillo y Manuel Buen Pastor";25;32;148;"2025-05-06 15:41:54";"2025-05-06 15:41:54";""
149;"SG 01 - Ruta N° 15 (Termas Hotel SG)";26;33;149;"2025-05-06 15:45:56";"2025-05-06 15:45:56";""
150;"SG 02 - Ruta N° 15 Ingreso a San Gerónimo";26;33;150;"2025-05-06 15:47:42";"2025-05-06 15:47:42";""
151;"Puesto 1 - Terrazas del Portezuelo";1;20;151;"2025-05-06 15:56:57";"2025-05-06 15:56:57";""
152;"SL 01 - Av. Illia y San Martin";1;1;152;"2025-05-06 15:57:48";"2025-05-06 15:57:48";""
153;"SL 02 - Rivadavia y Pedernera";1;1;153;"2025-05-06 15:59:02";"2025-05-06 15:59:02";""
154;"SL 03 - San Martin y Pringles";1;1;154;"2025-05-06 16:00:02";"2025-05-06 16:00:02";""
155;"SL 04 - Rivadavia y 9 de Julio";1;1;155;"2025-05-06 16:01:19";"2025-05-06 16:01:19";""
156;"SL 05 - San Martin y Lavalle";1;1;156;"2025-05-06 16:02:47";"2025-05-06 16:02:47";""
157;"SL 06 -  Rivadavia y Belgrano";1;1;157;"2025-05-06 16:37:11";"2025-05-06 16:37:11";""
158;"SL 07 - San Martin y Las Heras";1;1;158;"2025-05-06 16:38:22";"2025-05-06 16:38:22";""
159;"SL 08 - Lafinur y Av. Santos Ortiz";1;4;159;"2025-05-06 16:51:24";"2025-05-06 16:51:24";""
160;"SL 10 - Puente Derivador";1;2;160;"2025-05-06 16:54:36";"2025-05-06 16:54:36";""
161;"SL 11 - Av. España esq San Martin";1;1;161;"2025-05-06 16:57:15";"2025-05-06 16:57:15";""
162;"SL 12 - Lafinur y España";1;6;162;"2025-05-06 17:00:35";"2025-05-06 17:00:35";""
163;"SL 13 - Av. Fuerza Aerea y Calle De Battini";1;16;163;"2025-05-06 17:01:54";"2025-05-06 17:01:54";""
164;"SL 14 - Riobamba y Ruta 147";1;2;164;"2025-05-06 17:03:26";"2025-05-06 17:03:26";""
165;"SL 15 - Puente Favaloro";1;7;165;"2025-05-06 17:09:14";"2025-05-06 17:09:14";""
166;"SL 16 - Illia esq Lafinur";1;1;166;"2025-05-06 17:10:56";"2025-05-06 17:10:56";""
167;"SL 17 - Chacabuco esq Belgrano";1;1;167;"2025-05-06 17:12:06";"2025-05-06 17:12:06";""
168;"SL 18 - Lafinur y Junin";1;1;168;"2025-05-06 17:13:35";"2025-05-06 17:13:35";""
169;"SL 19 - Belgrano y Colon";1;1;169;"2025-05-06 17:18:16";"2025-05-06 17:18:16";""
170;"SL 20 - Pringles y Colon";1;1;170;"2025-05-06 17:19:09";"2025-05-06 17:19:09";""
171;"SL 21 - Perón y Malvinas";1;2;171;"2025-05-06 17:20:56";"2025-05-06 17:20:56";""
172;"SL 22 - Perón y Rep. del Libano";1;2;172;"2025-05-06 17:22:20";"2025-05-06 17:22:20";""
173;"SL 23 - Caseros esq Illia";1;1;173;"2025-05-06 17:23:14";"2025-05-06 17:23:14";""
174;"SL 24 - Banex Junin";1;1;174;"2025-05-06 17:24:22";"2025-05-06 17:24:22";""
175;"SL 25 - Av. Pte Perón y Julio A Roca";1;2;175;"2025-05-06 17:26:48";"2025-05-06 17:26:48";""
176;"SL 26 - San Martin y Ayacucho";1;1;176;"2025-05-06 17:28:02";"2025-05-06 17:28:02";""
177;"SL 27 - Orzalli y Berrondo";1;2;177;"2025-05-06 17:29:44";"2025-05-06 17:29:44";""
178;"SL 28 - Barrio 500 Viviendas";1;16;178;"2025-05-06 17:31:48";"2025-05-06 17:31:48";""
179;"SL 30 - Colon esq Lavalle";1;1;179;"2025-05-06 17:35:51";"2025-05-06 17:35:51";""
180;"SL 31 - Ingreso Principal Hospital";1;2;180;"2025-05-06 17:36:49";"2025-05-06 17:36:49";""
181;"SL 32 - Balcarce y Tacuari";1;4;181;"2025-05-06 17:38:04";"2025-05-06 17:38:04";""
182;"SL 33 - Pediatria Hospital";1;2;182;"2025-05-06 17:40:45";"2025-05-06 17:40:45";""
183;"SL 34 - Estacionamiento Posterior Hospital";1;2;183;"2025-05-06 17:41:56";"2025-05-06 17:41:56";""
184;"SL 35 - Estacionamiento  Guardia Hospital";1;2;184;"2025-05-06 17:42:46";"2025-05-06 17:42:46";""
185;"SL 36 - Rivadavia y Pringles";1;1;185;"2025-05-06 17:43:32";"2025-05-06 17:43:32";""
186;"SL 37 - La Merced y Tacuari";1;4;186;"2025-05-06 17:48:56";"2025-05-06 17:48:56";""
187;"SL 38 - Belgrano y San Martin";1;1;187;"2025-05-06 17:50:21";"2025-05-06 17:50:21";""
188;"SL 41 - Ruta 147 y E. Adaro";1;2;188;"2025-05-06 17:51:47";"2025-05-06 17:51:47";""
189;"SL 42 - Av. España y Av. Sucre";1;2;189;"2025-05-06 17:53:16";"2025-05-06 17:53:16";""
190;"SL 43 - Av. Illia y Falucho";1;1;190;"2025-05-06 18:18:44";"2025-05-06 18:18:44";""
191;"SL 44 - Av. Lafinur y Julio A. Roca";1;1;191;"2025-05-06 18:21:13";"2025-05-06 18:21:13";""
192;"SL 45 - Ruta 19 y José Zabala";1;3;192;"2025-05-06 18:23:20";"2025-05-06 18:23:20";""
193;"SL 46 - Riobamba y Quines";1;2;193;"2025-05-06 18:24:55";"2025-05-06 18:24:55";""
194;"SL 47 - Caídos en Malvinas (Puente Blanco)";1;2;194;"2025-05-06 18:28:18";"2025-05-06 18:28:18";""
195;"SL 48 - Martin de Loyola y Cortaderas";1;2;195;"2025-05-06 18:29:28";"2025-05-06 18:29:28";""
196;"SL 49 - Esc. Juan T. Zabala";1;3;196;"2025-05-06 18:33:52";"2025-05-06 18:33:52";""
197;"SL 50 - Trinquete";1;3;197;"2025-05-06 18:35:37";"2025-05-06 18:35:37";""
198;"SL 91 - José Zavala y José Maldonado";1;3;198;"2025-05-06 18:37:12";"2025-05-06 18:37:12";""
199;"SL 92 - Santa Fe y Av. Santos Ortiz";1;4;199;"2025-05-06 18:39:35";"2025-05-06 18:39:35";""
200;"SL 93 - 5to Centenario y Mendoza";1;4;200;"2025-05-06 18:40:46";"2025-05-06 18:40:46";""
201;"SL 95 - Viviendas Productivas";1;16;201;"2025-05-06 18:42:30";"2025-05-06 18:42:30";""
202;"SL 96 - Ejercito de los Andes y Chile";1;6;202;"2025-05-06 18:48:23";"2025-05-06 18:48:23";""
203;"SL 97 - Av. España y Colon";1;6;203;"2025-05-06 18:49:25";"2025-05-15 20:36:22";""
204;"SL 98 - Segunda Rotonda Av. del Peregrino";1;7;204;"2025-05-06 18:51:02";"2025-05-06 18:51:02";""
205;"SL 99 - Zoilo Concha y Jose Calderon";1;17;205;"2025-05-06 18:52:16";"2025-05-06 18:52:16";""
206;"SL 100 - Barrio Puertas del Sol";1;7;206;"2025-05-06 18:53:43";"2025-05-06 18:53:43";""
207;"SL 104 - Los Tulipanes y Prud. Olguín";1;3;207;"2025-05-06 18:57:55";"2025-05-06 18:57:55";""
208;"SL 105 - Ituzaingo y Bolivar";1;1;208;"2025-05-06 18:59:30";"2025-05-06 18:59:30";""
209;"SL 106 - Caseros y Chubut";1;1;209;"2025-05-06 19:06:57";"2025-05-06 19:06:57";""
210;"SL 107 - Junín y Maipú";1;1;210;"2025-05-06 19:08:20";"2025-05-06 19:08:20";""
211;"SL 108 - Bolívar y Chacabuco";1;1;211;"2025-05-06 19:09:19";"2025-05-06 19:09:19";""
212;"SL 109 - Caseros y Tomas Jofre";1;1;212;"2025-05-06 19:11:18";"2025-05-06 19:11:18";""
213;"SL 110 - Carlos Pellegrini y Av. Sarmiento";1;2;213;"2025-05-06 19:12:46";"2025-05-06 19:12:46";""
214;"SL 111 - Escuela Domingo F. Sarmiento";1;3;214;"2025-05-06 19:15:29";"2025-05-06 19:15:29";""
215;"SL 112 - Pedernera e Ituzaingo";1;1;215;"2025-05-06 19:17:16";"2025-05-06 19:17:16";""
216;"SL 113 - Justo Daract y A. Rodriguez";1;16;216;"2025-05-06 19:21:23";"2025-05-06 19:21:23";""
217;"SL 114 - 25 de Mayo y Pje. Mendoza";1;4;217;"2025-05-06 19:22:46";"2025-05-06 19:22:46";""
218;"SL 115 - Maipú y 25 de Mayo";1;1;218;"2025-05-06 19:23:42";"2025-05-06 19:23:42";""
219;"SL 116 - Ayacucho y Constitución";1;1;219;"2025-05-06 19:27:08";"2025-05-06 19:27:08";""
220;"SL 117 - Chacabuco y Balcarce";1;1;220;"2025-05-06 19:32:04";"2025-05-06 19:32:04";""
221;"SL 118 - Chacabuco y Rio Negro";1;1;221;"2025-05-06 19:38:53";"2025-05-06 19:38:53";""
222;"SL 119 - Pringles y Maipú";1;1;222;"2025-05-06 19:39:56";"2025-05-06 19:39:56";""
223;"SL 120 - Tomas Jofre y Maipú";1;1;223;"2025-05-06 19:41:05";"2025-05-06 19:41:05";""
224;"SL 121 - Sarmiento y Av. Centenario";1;2;224;"2025-05-06 19:42:35";"2025-05-06 19:42:35";""
225;"SL 123 - Martin del Oyola y Sarmiento";1;2;225;"2025-05-06 19:44:51";"2025-05-06 19:44:51";""
226;"SL 124 - Plaza del Carmen";1;2;226;"2025-05-06 19:46:57";"2025-05-06 19:46:57";""
227;"SL 125 - Av. del Fundador y Paso de los Libres";1;2;227;"2025-05-06 19:49:22";"2025-05-06 19:49:22";""
228;"SL 126 - IV Centerio y 17 de Agosto";1;3;228;"2025-05-06 19:52:22";"2025-05-06 19:52:22";""
229;"SL 127 - Bv Juan Pekol entre calle Aguilas y Comechingones";1;7;229;"2025-05-06 19:56:43";"2025-05-06 19:56:43";""
230;"SL 128 - Centro Educativo N°13 Barrio CGT";1;4;230;"2025-05-06 19:59:25";"2025-05-06 19:59:25";""
231;"SL 129 - Antártida Argentina y Paraguay";1;4;231;"2025-05-06 20:01:24";"2025-05-06 20:01:24";""
232;"SL 130 - 25 de Mayo y Jujuy";1;4;232;"2025-05-06 20:02:35";"2025-05-06 20:02:35";""
233;"SL 131 - Italia Y Ejercito de los Andes";1;6;233;"2025-05-06 20:03:45";"2025-05-06 20:03:45";""
234;"SL 132 - Mar del Plata y Alberdi";1;6;234;"2025-05-06 20:09:40";"2025-05-06 20:09:40";""
235;"SL 133 - José Hernández (Cooperativa)";1;6;235;"2025-05-06 20:11:25";"2025-05-06 20:11:25";""
236;"SL 134 - Italia y Granadero Puntanos";1;6;236;"2025-05-06 20:12:36";"2025-05-06 20:12:36";""
237;"SL 135 - Lafinur y Pringles";1;4;237;"2025-05-06 20:14:18";"2025-05-06 20:14:18";""
238;"SL 136 - Esc. Constancio C Vigil (Barrio Jardín)";1;2;238;"2025-05-06 20:17:16";"2025-05-06 20:17:16";""
239;"SL 137 - Ruta 3 (3er Rotonda)";1;7;239;"2025-05-06 20:19:02";"2025-05-06 20:19:02";""
240;"SL 138 - Plaza Cristo Rey";1;7;240;"2025-05-06 20:20:51";"2025-05-06 20:20:51";""
241;"SL 139 - Av. Palo Borracho y Los Eucaliptos";1;7;241;"2025-05-06 20:22:14";"2025-05-06 20:22:14";""
242;"SL 140 - Escuela Bernando Houssay";1;7;242;"2025-05-06 20:24:28";"2025-05-06 20:24:28";""
243;"SL 141 - Escuela Rodríguez";1;7;243;"2025-05-06 20:25:16";"2025-05-06 20:25:16";""
244;"SL 153 - Maternidad Dra. Baigorria";1;7;244;"2025-05-06 20:26:50";"2025-05-06 20:26:50";""
245;"SL 214 - Teniente Ibañez e Ituzaingo (Fija)";1;1;245;"2025-05-06 20:29:50";"2025-05-06 20:29:50";""
246;"SL 215 - Granadero Busto y Las Orquídeas";1;3;246;"2025-05-06 20:32:21";"2025-05-06 20:32:21";""
247;"SL 216 - Riobamba y Martin del Oyola";1;2;247;"2025-05-06 20:33:28";"2025-05-06 20:33:28";""
248;"SL 217 - Cristo Rey y Dr. Houssey (Fija)";1;7;248;"2025-05-06 20:35:05";"2025-05-06 20:35:05";""
249;"SL 218 - España y Caseros";1;1;249;"2025-05-06 20:39:28";"2025-05-06 20:39:28";""
250;"SL 219 - Riobamba y Julio A. Roca";1;2;250;"2025-05-06 20:41:38";"2025-05-06 20:41:38";""
251;"SL 220 - 9 de Julio y Falucho";1;1;251;"2025-05-06 20:42:27";"2025-05-06 20:42:27";""
252;"SL 221 - Aristóbulo del Valle y Falucho";1;6;252;"2025-05-07 10:34:18";"2025-05-07 10:34:18";""
253;"SL 222 - Felipe Velázquez y Orzali";1;2;253;"2025-05-07 10:36:48";"2025-05-07 10:36:48";""
254;"SL 223 - Balcarce y Constitución";1;1;254;"2025-05-07 10:40:37";"2025-05-07 10:40:37";""
255;"SL 224 - Aristóbulo del Valle y Justo Daract";1;6;255;"2025-05-07 10:46:25";"2025-05-07 10:46:25";""
256;"SL 225 - Justo Daract y Martin de Loyola";1;6;256;"2025-05-07 10:48:56";"2025-05-07 10:48:56";""
257;"SL 226 - Aristobulo del Valle y Estado de Israel";1;6;257;"2025-05-07 10:50:47";"2025-05-07 10:50:47";""
258;"SL 227 -  Aristóbulo del Valle e Italia";1;6;258;"2025-05-07 10:52:36";"2025-05-07 10:52:36";""
259;"SL 228 - Italia y Martin de Loyola";1;6;259;"2025-05-07 10:55:10";"2025-05-07 10:55:10";""
260;"SL 229 - Julio A. Roca y Constitución";1;1;260;"2025-05-07 10:56:26";"2025-05-07 10:56:26";""
265;"SL 230 - Julio A. Roca y Mitre";1;1;265;"2025-05-07 11:02:03";"2025-05-07 11:02:03";""
266;"SL 231 - Julio A. Roca y San Martin";1;1;266;"2025-05-07 11:03:42";"2025-05-07 11:03:42";""
267;"SL 232 - Julio A. Roca e Ituzaingo";1;1;267;"2025-05-07 11:04:53";"2025-05-07 11:04:53";""
269;"SL 233 - Julio A. Roca y General Paz";1;1;269;"2025-05-07 11:06:20";"2025-05-07 11:06:20";""
270;"SL 234 - Buenos Aires e Yrigoyen";1;1;270;"2025-05-07 11:07:24";"2025-05-07 11:07:24";""
271;"SL 235 - Centenario y Riobamba";1;2;271;"2025-05-07 11:08:39";"2025-05-07 11:08:39";""
272;"SL 236 - Pringles y Mitre";1;1;272;"2025-05-07 11:10:12";"2025-05-07 11:10:12";""
273;"SL 237 - Centenario y San Francisco";1;2;273;"2025-05-07 11:11:25";"2025-05-07 11:11:25";""
274;"SL 238 - 25 de Mayo y San Martin";1;1;274;"2025-05-07 11:12:52";"2025-05-07 11:12:52";""
275;"SL 239 - Centenario y Alem";1;2;275;"2025-05-07 11:13:53";"2025-05-07 11:14:12";""
276;"SL 240 - Ascasubi y Cane";1;3;276;"2025-05-07 11:15:24";"2025-05-07 11:15:24";""
277;"SL 241 - Belgrano y Caseros";1;1;277;"2025-05-07 11:16:25";"2025-05-07 11:16:25";""
278;"SL 242 - Las Heras y Mitre";1;1;278;"2025-05-07 11:17:35";"2025-05-07 11:17:35";""
279;"SL 243 - Rivadavia y Tomas Jofre";1;1;279;"2025-05-07 11:18:49";"2025-05-07 11:18:49";""
280;"SL 244 - Don Bosco y Alberdi";1;6;280;"2025-05-07 11:20:05";"2025-05-07 11:20:05";""
281;"SL 245 - Julio A Roca y Colon";1;1;281;"2025-05-07 11:21:04";"2025-05-07 11:21:04";""
282;"SL 246 - Centenario y Sucre";1;2;282;"2025-05-07 11:21:58";"2025-05-07 11:21:58";""
283;"SL 247 - Lafinur y Ayacucho";1;4;283;"2025-05-07 11:24:30";"2025-05-07 11:24:30";""
284;"SL 248 - Belgrano y Perón";1;2;284;"2025-05-07 11:25:58";"2025-05-07 11:25:58";""
285;"SL 249 - 25 de Mayo y Pje Santa Isabel";1;1;285;"2025-05-07 11:27:49";"2025-05-07 11:27:49";""
286;"SL 250 - Juan Barbeito y Zoilo Concha (FIJA)";1;17;286;"2025-05-07 11:29:36";"2025-05-07 11:29:36";""
287;"SL 251 - Rotonda Carlos Gardel";1;17;287;"2025-05-07 11:31:04";"2025-05-07 11:31:04";""
288;"SL 252 - Sucre y Arancibia Rodriguez";1;2;288;"2025-05-07 11:34:17";"2025-05-07 11:34:17";""
289;"SL 253 - Puerto Deseado y Juan Saa";1;16;289;"2025-05-07 11:39:44";"2025-05-07 11:39:44";""
290;"SL 254 - 9 de Julio y Blas Parera";1;1;290;"2025-05-07 11:41:43";"2025-05-07 11:41:43";""
291;"SL 255 - Lavalle y San Juan";1;2;291;"2025-05-07 11:42:34";"2025-05-07 11:42:34";""
292;"SL 256 - Belgrano y Pje. Buen Pastor";1;1;292;"2025-05-07 11:43:56";"2025-05-07 11:43:56";""
293;"SL 257 - Jose Zavala y Los Alelies (Fija)";1;3;293;"2025-05-07 11:45:38";"2025-05-07 11:45:38";""
294;"SL 258 - Republica del Líbano y Lamadrid";1;1;294;"2025-05-07 11:47:05";"2025-05-07 11:47:05";""
295;"SL 259 - Peron y Juan w Gez";1;1;295;"2025-05-07 11:48:33";"2025-05-07 11:48:33";""
296;"SL 260 - Riobamba y Aristobulo del Valle";1;2;296;"2025-05-07 11:49:55";"2025-05-07 11:49:55";""
297;"SL 261 - Barrio 9 de Julio";1;4;297;"2025-05-07 11:53:03";"2025-05-07 11:53:03";""
298;"SL 262 - Falucho y Las Heras";1;1;298;"2025-05-07 11:54:40";"2025-05-07 11:54:40";""
299;"SL 263 - Rivadavia y Balcarce";1;1;299;"2025-05-07 11:55:54";"2025-05-07 11:55:54";""
300;"SL 264 - Av del Fundador - Terminal";1;2;300;"2025-05-07 11:57:55";"2025-05-07 11:57:55";""
301;"SL 265 - 9 de Julio y Mitre";1;1;301;"2025-05-07 12:00:19";"2025-05-07 12:00:19";""
302;"SL 266 - Belgrano e Yrigoyen";1;1;302;"2025-05-07 12:02:15";"2025-05-07 12:02:15";""
303;"SL 267 - Justo Daract y Tucuman";1;6;303;"2025-05-07 12:03:32";"2025-05-07 12:03:32";""
304;"SL 268 - Falucho y Pasaje San Antonio";1;6;304;"2025-05-07 12:05:00";"2025-05-07 12:05:00";""
305;"SL 269 - Rotonda Nueva del Rio Seco";1;3;305;"2025-05-07 12:06:08";"2025-05-07 12:06:08";""
306;"SL 270 - Ruta N°3 y Salvador Segado";1;3;306;"2025-05-07 12:06:55";"2025-05-07 12:06:55";""
307;"SL 271 - Martin de Loyola y San Francisco";1;2;307;"2025-05-07 12:08:16";"2025-05-07 12:08:16";""
308;"SL 272 - Jose Hernandez y Chile";1;6;308;"2025-05-07 12:10:32";"2025-05-07 12:10:32";""
309;"SL 273 - 25 de Mayo y Portezuelo";1;7;309;"2025-05-07 12:31:42";"2025-05-07 12:31:42";""
310;"SL 274 - Catamarca y La Pampa";1;2;310;"2025-05-07 12:33:14";"2025-05-07 12:33:14";""
311;"SL 275 - Chaco y 9 de Julio";1;2;311;"2025-05-07 12:37:09";"2025-05-07 12:37:09";""
312;"SL 276 - Julio A. Roca y Sarmiento";1;2;312;"2025-05-07 12:38:42";"2025-05-07 12:38:42";""
313;"SL 277 - Los Eucaliptos y los Lapachos";1;7;313;"2025-05-07 12:40:08";"2025-05-07 12:40:08";""
314;"SL 278 - Juan Moreno y Florencio Varela";1;3;314;"2025-05-07 12:41:51";"2025-05-07 12:41:51";""
315;"SL 279 - Plaza 114 Viviendas";1;3;315;"2025-05-07 12:43:34";"2025-05-07 12:43:34";""
316;"SL 280 - Faro de la Sabiduria";1;3;316;"2025-05-07 12:44:36";"2025-05-07 12:44:36";""
317;"SL 281 - Bolivar y Constitucion";1;1;317;"2025-05-07 12:45:39";"2025-05-07 12:45:39";""
318;"SL 282 - Europa y Bolívar";1;4;318;"2025-05-07 12:48:58";"2025-05-07 12:48:58";""
319;"SL 283 - Dr. Houssey (Barrio Amppare)";1;19;319;"2025-05-07 12:51:24";"2025-05-07 12:51:24";""
320;"SL 284 - Perito Moreno y Boulevard (Fija)";1;3;320;"2025-05-07 12:53:47";"2025-05-07 12:53:47";""
321;"SL 285 - Rafael Obligado e Interseccion B° Kirchner";1;3;321;"2025-05-07 12:55:43";"2025-05-07 12:55:43";""
322;"SL 286 - Ruta N°3 y Ruta N°19";1;11;322;"2025-05-07 12:57:03";"2025-05-07 12:57:03";""
323;"SL 287 - Barrio Matias Mercado";1;2;323;"2025-05-07 12:58:12";"2025-05-07 12:58:12";""
324;"SL 288 - Rotonda del Puente Negro y Av. 5 Centenario";1;4;324;"2025-05-07 13:00:26";"2025-05-07 13:00:26";""
325;"SL 289 - Ecuador e Islas Malvinas";1;4;325;"2025-05-07 13:01:16";"2025-05-07 13:01:16";""
326;"SL 290 - Lafinur entre Tomas Jofre y Las Heras";1;4;326;"2025-05-07 13:03:42";"2025-05-07 13:03:42";""
327;"SL 291 - Santa Fe y Aristobulo del Valle";1;6;327;"2025-05-07 13:04:44";"2025-05-07 13:04:44";""
328;"SL 292 - Esteban Adaro y Republica Dominicana";1;6;328;"2025-05-07 13:05:58";"2025-05-07 13:05:58";""
329;"SL 293 - Ejercito de los Andes y Estado de Israel";1;6;329;"2025-05-07 13:09:50";"2025-05-07 13:09:50";""
330;"SL 294 - Villa del Carmen esq Esteban Adaro (2)";1;2;330;"2025-05-07 13:11:59";"2025-05-07 13:11:59";""
331;"SL 295 - Caferatta y Franco Pastore";1;16;331;"2025-05-07 13:13:24";"2025-05-07 13:13:24";""
332;"SL 296 - Mitchell de Ramirez y Virorco";1;12;332;"2025-05-07 13:15:47";"2025-05-07 13:15:47";""
333;"SL 297 - Ruta 147 y Franco Pastore";1;16;333;"2025-05-07 13:17:35";"2025-05-07 13:17:35";""
334;"SL 299 - Barrio 100 Viviendas - Solidaridad";1;17;334;"2025-05-07 13:18:57";"2025-05-07 13:18:57";""
335;"JK 300 - Perón y Pancha Hernández";14;5;335;"2025-05-07 13:20:51";"2025-05-07 13:22:59";"2025-05-07 13:22:59"
336;"SL 320 - Ingreso Parque Industrial";1;11;336;"2025-05-07 13:25:02";"2025-05-07 13:25:02";""
337;"SL 321 - Parque Industrial Calle 101 y 105";1;4;337;"2025-05-07 13:26:36";"2025-05-07 13:26:36";""
338;"SL 322 - Av. Santo Ortiz y Calle 101 (Fija)";1;4;338;"2025-05-07 13:29:00";"2025-05-07 13:29:00";""
339;"SL 323 - 25 de Mayo y Rawson";1;4;339;"2025-05-07 13:32:01";"2025-05-07 13:32:01";""
340;"SL 324 - Centenario y San Juan";1;2;340;"2025-05-07 13:33:05";"2025-05-07 13:33:05";""
341;"SL 325 - San Francisco y San Pablo";1;2;341;"2025-05-07 13:34:50";"2025-05-07 13:34:50";""
342;"SL 326 - 25 de Agosto y Hermanas Lucero";1;2;342;"2025-05-07 13:36:20";"2025-05-07 13:36:20";""
343;"SL 327 - B° Eden - Bv 2 de Abril y calle Ibarlucea";1;2;343;"2025-05-07 14:05:28";"2025-05-07 14:05:28";""
344;"SL 328 - Comisaria 2 - Sarmiento y Gdor Alric";1;2;344;"2025-05-07 14:06:43";"2025-05-07 14:06:43";""
345;"SL 329 - Comisaria 7 - 1 Rotonda";1;7;345;"2025-05-07 14:07:50";"2025-05-07 14:07:50";""
346;"SL 330 - Riobamba y Zoilo Concha";1;17;346;"2025-05-07 14:08:36";"2025-05-07 14:08:36";""
347;"SL 331 - Ruta 146 - Barrancas Coloradas";1;17;347;"2025-05-07 14:10:01";"2025-05-07 14:10:01";""
348;"SL 332 - Barrio 500 Viviendas del Sur - Mzna 119 casa 20";1;18;348;"2025-05-07 14:11:51";"2025-05-07 14:11:51";""
349;"SL 333 - Comisaria 41 Brio 500 Viviendas Sur";1;18;349;"2025-05-07 14:14:07";"2025-05-07 14:14:07";""
350;"SL 334 - Colombia esq. Av Lafinur";1;6;350;"2025-05-07 14:16:09";"2025-05-07 14:16:09";""
351;"SL 335 - Escuela Nro 70 - A. Brown y Constitucion";1;6;351;"2025-05-07 14:17:15";"2025-05-07 14:17:15";""
352;"SL 336 - Centro de Salud 1 de Mayo - Av. 5 Centenario 4620";1;4;352;"2025-05-07 14:19:26";"2025-05-07 14:19:26";""
353;"SL 337 - Barrio 500 Viviendas Norte - Mzna 93 casa 8";1;16;353;"2025-05-07 14:21:05";"2025-05-07 14:21:05";""
354;"SL 338 - Parque de las Naciones";1;2;354;"2025-05-07 14:23:59";"2025-05-07 14:23:59";""
355;"SL 339 - Comisaria Sexta";1;6;355;"2025-05-07 14:25:02";"2025-05-07 14:25:02";""
356;"SL 340 - Hospital Cerro de la Cruz";1;7;356;"2025-05-07 14:27:23";"2025-05-07 14:27:23";""
357;"SL 341 - Escuela JM de Rosas";1;4;357;"2025-05-07 14:29:36";"2025-05-07 14:29:36";""
358;"SL 342 - Escuela Guemes";1;2;358;"2025-05-07 14:32:40";"2025-05-07 14:32:40";""
359;"SL 344 - Fuerza Aérea y Corredor Vial";1;6;359;"2025-05-07 14:33:47";"2025-05-07 14:33:47";""
360;"SL 345 - Santa Fe y 9 de Julio";1;4;360;"2025-05-07 14:34:32";"2025-05-07 14:34:32";""
361;"SL 350 - Hito Terrazas del Portezuelo";1;3;361;"2025-05-07 14:35:22";"2025-05-07 14:35:22";""
362;"SL 352 - Europa y Antártida Argentina";1;4;362;"2025-05-07 15:05:01";"2025-05-07 15:05:01";""
363;"SL 360 - Av. Sarmiento entre Córdoba y Felipe Velázquez";1;2;363;"2025-05-07 15:07:38";"2025-05-07 15:07:38";""
364;"SL 362 - Escuela Sonrisas Coloridas";1;18;364;"2025-05-07 15:10:29";"2025-05-07 15:10:29";""
365;"SL 363 - Ruta 3 -LPR";1;18;365;"2025-05-07 15:13:15";"2025-05-07 15:13:15";""
366;"SL 364 - Solares del Norte";1;17;366;"2025-05-07 15:15:08";"2025-05-07 15:15:08";""
367;"SL 365 - Barrio Solidaridad";1;11;367;"2025-05-07 15:17:03";"2025-05-07 15:17:03";""
368;"SL 366 - Bernardo Houssay y Camino a las Sierras";1;19;368;"2025-05-07 15:19:40";"2025-05-07 15:19:40";""
369;"SL 367 - Riobamba y Héroes de Malvinas";1;2;369;"2025-05-07 15:21:18";"2025-05-07 15:21:18";""
370;"SL 368 - Héroes de Malvinas Y Sarmiento";1;2;370;"2025-05-07 15:22:34";"2025-05-07 15:22:34";""
371;"SL 369 - Sucre y Corredor Vial";1;2;371;"2025-05-07 15:25:45";"2025-05-07 15:25:45";""
372;"SL 370 - Sucre y Martin de Loyola";1;2;372;"2025-05-07 15:27:08";"2025-05-07 15:27:08";""
373;"SL 371 - Las Heras e Hipólito Yrigoyen";1;1;373;"2025-05-07 15:28:40";"2025-05-07 15:28:40";""
374;"SL 372 - Ituzaingo y 9 de Julio";1;1;374;"2025-05-07 15:44:48";"2025-05-07 15:44:48";""
375;"SL 373 - General Paz y 9 de Julio";1;1;375;"2025-05-07 15:46:26";"2025-05-07 15:46:26";""
376;"SL 374 - Paseo del Padre";1;1;376;"2025-05-07 15:48:12";"2025-05-07 15:48:12";""
377;"SL 375 - Mitre y Lavalle";1;1;377;"2025-05-07 15:49:26";"2025-05-07 15:49:26";""
378;"SL 376 - España y Corredor Vial";1;4;378;"2025-05-07 15:51:02";"2025-05-07 15:51:02";""
379;"SL 377 - Lafinur y 25 de Mayo";1;4;379;"2025-05-07 15:52:40";"2025-05-07 15:55:20";""
380;"SL 378 - Av. Lafinur y Ruta 146";1;11;380;"2025-05-07 15:56:59";"2025-05-07 15:56:59";""
381;"SL 379 - Ruta 146 y Maestras Lucio Lucero";1;11;381;"2025-05-07 15:58:47";"2025-05-07 15:58:47";""
382;"SL 380 - Bolívar e Ituzaingo";1;1;382;"2025-05-07 16:00:14";"2025-05-07 16:00:14";""
383;"SL 381 - Av. Del Fundador y Paso de Los Libres";1;2;383;"2025-05-08 14:27:06";"2025-05-08 14:27:06";""
384;"SL 382 - Plaza de Los Halcones";1;1;384;"2025-05-08 14:28:42";"2025-05-08 14:28:42";""
385;"SL 383 - Av. Lafinur y Av. Illia";1;1;385;"2025-05-08 14:29:58";"2025-05-08 14:29:58";""
386;"SL 384 - Av. Los Jilgueros esq Los Colibríes";1;7;386;"2025-05-08 14:31:46";"2025-05-08 14:31:46";""
387;"SL 385 - Au. Serranías Puntanas KM 787";1;3;387;"2025-05-08 14:32:56";"2025-05-08 14:32:56";""
388;"SL 386 - Av. Milstein y Av. El Cardenal";1;7;388;"2025-05-08 14:35:22";"2025-05-08 14:35:22";""
389;"SL 387 - Bolívar esq Rivadavia";1;1;389;"2025-05-08 14:36:27";"2025-05-08 14:36:27";""
390;"SL 288 - Corredor Eva Peron esq Sarmiento";1;2;390;"2025-05-08 14:37:36";"2025-05-27 07:28:38";"2025-05-27 07:28:38"
391;"SL 389 - Rotonda Axion Ruta 3";1;18;391;"2025-05-08 14:38:59";"2025-05-08 14:38:59";""
392;"SL 390 - Escuela Generativa Luis Bernardo Luisquiños";1;18;392;"2025-05-08 14:41:31";"2025-05-08 14:41:31";""
393;"SL 391 - Av. Illia esq Constitucion";1;1;393;"2025-05-08 14:43:05";"2025-05-08 14:43:05";""
394;"SL 392 - Rivadavia Esq Junin";1;1;394;"2025-05-08 14:44:24";"2025-05-08 14:44:24";""
395;"SL 393 - Don Bosco esq Aristobulo del Valle";1;6;395;"2025-05-08 14:47:30";"2025-05-08 14:47:30";""
396;"SL 394 - Eusebio Acosta esq Tierra";1;3;396;"2025-05-08 14:55:32";"2025-05-08 14:55:32";""
397;"SL 395 - Esteban Adaro y Tomolasta";1;2;397;"2025-05-08 15:08:14";"2025-05-08 15:08:14";""
398;"SL 396 - Av. Teniente Celi y Santa Fe";1;4;398;"2025-05-08 15:09:35";"2025-05-08 15:09:35";""
399;"SL 397 - Ruta 146 Puente Peatonal";1;11;399;"2025-05-08 15:11:17";"2025-05-08 15:11:17";""
400;"SL 398 - Ciudad del Rosario y Sarmiento";1;2;400;"2025-05-08 15:12:43";"2025-05-08 15:12:43";""
401;"SL 399 - Ayacucho y Pasaje Buen Pastor";1;1;401;"2025-05-08 15:14:00";"2025-05-08 15:14:00";""
402;"SL 400 - Esc. Polo Godoy Rojo";1;18;402;"2025-05-08 15:16:18";"2025-05-08 15:16:18";""
403;"SL 401 - B° 400 Viviendas Sur";1;11;403;"2025-05-08 15:18:35";"2025-05-08 15:18:35";""
404;"SL 403 - Quinto Centenario";1;4;404;"2025-05-08 15:22:41";"2025-05-08 15:22:41";""
405;"SL 404 - Ejercito de los Andes y Inmigrantes";1;6;405;"2025-05-08 15:24:41";"2025-05-08 15:24:41";""
406;"SL 405 - Almirante Brown e Italia";1;6;406;"2025-05-08 15:26:22";"2025-05-08 15:26:22";""
407;"SL 406 - Obispo Orzali y Ciudad del Rosario";1;2;407;"2025-05-08 15:29:30";"2025-05-08 15:29:30";""
408;"SL 407 - Riobamba y Paso de la Patria";1;2;408;"2025-05-08 15:31:01";"2025-05-08 15:31:01";""
409;"SL 408 - B° 208 Viviendas Norte";1;16;409;"2025-05-08 15:33:59";"2025-05-08 15:33:59";""
410;"SL 409 - Vélez Sarsfield y Gabriela Mistral";1;16;410;"2025-05-08 15:36:22";"2025-05-08 15:36:22";""
411;"SL 410 - Acceso Plaza del Cerro";1;7;411;"2025-05-08 15:38:52";"2025-05-08 15:38:52";""
412;"SL 411 - Las Guindas y Av. Fuerte Constitucional";1;7;412;"2025-05-08 15:40:44";"2025-05-08 15:40:44";""
413;"SL 412 - Rotonda La Estrella";1;1;413;"2025-05-08 15:42:51";"2025-05-08 15:42:51";""
414;"SL 413 - Franco Pastore esq Mirador del Cerro";1;17;414;"2025-05-08 15:45:07";"2025-05-08 15:45:07";""
415;"SL 414 - Constitución y Pasaje San Felipe";1;1;415;"2025-05-08 15:50:18";"2025-05-08 15:50:18";""
416;"SL 415 - Av. Lafinur y Balcarce";1;1;416;"2025-05-08 15:51:50";"2025-05-08 15:51:50";""
417;"SL 416 - Ascasubi y Gervasio Escudero";1;3;417;"2025-05-08 15:53:54";"2025-05-08 15:53:54";""
418;"SL 417 - Plaza Villegas y Tierra";1;18;418;"2025-05-08 15:56:26";"2025-05-08 15:56:26";""
419;"SL 418 - Acceso B° Mirador del Portezuelo";1;18;419;"2025-05-08 15:58:26";"2025-05-08 15:58:26";""
420;"SL 419 - Plaza Estrella del Sur";1;11;420;"2025-05-08 16:03:04";"2025-05-08 16:03:04";""
421;"SL 420 - Perito Moreno y Salvador Segado";1;3;421;"2025-05-08 16:10:09";"2025-05-08 16:10:09";""
422;"SL 421 - La Pampa y Riobamba";1;2;422;"2025-05-08 16:11:29";"2025-05-08 16:11:29";""
423;"SL 422 - Corredor Eva Perón - Rotonda Terrazas";1;20;423;"2025-05-08 16:14:02";"2025-05-08 16:14:02";""
424;"SL 423 - Corredor Eva Perón y Falucho";1;6;424;"2025-05-08 16:16:00";"2025-05-08 16:16:00";""
425;"SL 424 - Mendoza y Belgrano";1;4;425;"2025-05-08 18:38:02";"2025-05-08 18:38:02";""
426;"SL 425 - Rotonda B° Primero de Mayo";1;4;426;"2025-05-08 18:39:45";"2025-05-08 18:39:45";""
427;"SL 426 - Chacho Peñaloza y Raúl Alfonsín";1;20;427;"2025-05-08 18:41:29";"2025-05-08 18:41:29";""
428;"SL 427 - Frola y Clavel del Aire";1;17;428;"2025-05-08 18:43:12";"2025-05-08 18:43:12";""
429;"SL 428 - Pablo Lucero y Río Quinto";1;17;429;"2025-05-08 18:44:45";"2025-05-08 18:44:45";""
430;"SL 429 - José Zavala y Florencio Navarro";1;3;430;"2025-05-08 18:46:27";"2025-05-08 18:46:27";""
431;"SL 430 - B° 400 Viviendas del Sur - Espacios Verdes";1;11;431;"2025-05-08 18:48:39";"2025-05-08 18:48:39";""
432;"SL 431 - Av. San Julián y Av. Justo Daract";1;16;432;"2025-05-08 18:50:54";"2025-05-08 18:50:54";""
433;"SL 432 - Autopista Serranías Puntanas y Ruta 3";1;18;433;"2025-05-08 18:52:29";"2025-05-08 18:52:29";""
434;"SL 433 - Autódromo Rosendo Hernández";1;11;434;"2025-05-08 18:54:02";"2025-05-08 18:54:02";""
435;"SL 434 - Honduras y República Dominicana";1;6;435;"2025-05-08 18:56:28";"2025-05-08 18:56:28";""
436;"SL 435 - Martín Güemes y Peatonal 8";1;6;436;"2025-05-08 18:58:44";"2025-05-08 18:58:44";""
437;"SL 436 - Almirante Brown y Av. Justo Daract";1;6;437;"2025-05-08 19:00:20";"2025-05-08 19:00:20";""
438;"SL 437 - Pedernera y Plaza Procrear";1;4;438;"2025-05-08 19:02:29";"2025-05-08 19:02:29";""
439;"SL 438 - José María Gatica y 9 de Julio";1;4;439;"2025-05-08 19:04:07";"2025-05-08 19:04:07";""
440;"SL 439 - 25 de Mayo e Intendente Bautista Picco";1;4;440;"2025-05-08 19:06:03";"2025-05-08 19:06:03";""
441;"SL 440 - 25 de Mayo y Caseros";1;1;441;"2025-05-08 19:07:58";"2025-05-08 19:07:58";""
442;"SL 441 - Colón y 25 de Mayo";1;1;442;"2025-05-08 19:09:19";"2025-05-08 19:09:19";""
443;"SL 442 - Buenos Aires y Colón";1;1;443;"2025-05-08 19:10:34";"2025-05-08 19:10:34";""
444;"SL 443 - 25 de Mayo e Ituzaingo";1;1;444;"2025-05-08 19:11:50";"2025-05-08 19:11:50";""
445;"SL 444 - Pringles e Ituzaingo";1;1;445;"2025-05-08 19:13:13";"2025-05-08 19:13:13";""
446;"SL 445 - Maipú y Lavalle";1;1;446;"2025-05-08 19:14:53";"2025-05-08 19:14:53";""
447;"SL 446 - Maipú y Bolívar";1;1;447;"2025-05-08 19:16:12";"2025-05-08 19:16:12";""
448;"SL 447 - Colón y Las Heras";1;1;448;"2025-05-08 19:17:45";"2025-05-08 19:17:45";""
449;"SL 448 - San Juan y Tomas Jofre";1;2;449;"2025-05-08 19:19:28";"2025-05-08 19:19:28";""
450;"SL 449 - Las Heras y La Rioja";1;2;450;"2025-05-08 19:20:45";"2025-05-08 19:20:45";""
451;"SL 450 - Tomas Jofre y Av. Lafinur";1;1;451;"2025-05-08 19:22:29";"2025-05-08 19:22:29";""
452;"SL 451 - Falucho y Pedernera";1;1;452;"2025-05-08 19:23:28";"2025-05-08 19:23:28";""
453;"SL 452 - Falucho y Belgrano";1;1;453;"2025-05-08 19:25:09";"2025-05-08 19:25:09";""
454;"SL 453 - La Rioja y Ayacucho";1;2;454;"2025-05-08 19:26:47";"2025-05-08 19:26:47";""
455;"SL 454 - Ayacucho y General Paz";1;1;455;"2025-05-08 19:28:23";"2025-05-08 19:28:23";""
456;"SL 455 - Juan W. Gez y La Madrid";1;2;456;"2025-05-08 19:31:00";"2025-05-08 19:31:00";""
457;"SL 456 - Gobernador Alric y 2 de Abril";1;2;457;"2025-05-08 19:32:45";"2025-05-08 19:32:45";""
458;"SL 457 - Carlos Pellegrini y Luciano Guadanini";1;2;458;"2025-05-08 19:34:26";"2025-05-08 19:34:26";""
459;"SL 458 - Nogolí y Tobar García";1;2;459;"2025-05-08 19:36:00";"2025-05-08 19:36:00";""
460;"SL 459 - Alto Bella Vista";1;19;460;"2025-05-08 19:37:31";"2025-05-08 19:37:31";""
461;"SL 460 - Salvador Segado y José Zabala";1;3;461;"2025-05-08 19:40:19";"2025-05-08 19:40:19";""
462;"SL 461 - Rafael Obligado y Granaderos Navarro";1;3;462;"2025-05-08 19:45:49";"2025-05-08 19:45:49";""
463;"SL 462 - Luis Becerra y Juan Molina";1;3;463;"2025-05-09 09:19:10";"2025-05-09 09:19:10";""
464;"SL 463 - Av. Lafinur Lado sur Rotonda";1;11;464;"2025-05-09 09:20:50";"2025-05-09 09:20:50";""
465;"SL 464 - Boulevard lado Sur Autopista Serranías Puntanas";1;18;465;"2025-05-09 09:24:58";"2025-05-09 09:24:58";""
466;"SL 465 - Int Garro Zoilo y Int Carlos Arias (Fija)";1;4;466;"2025-05-09 09:26:59";"2025-05-09 09:26:59";""
467;"SL 466 - Ruta 146 y Boulevard Unión";1;11;467;"2025-05-09 09:28:25";"2025-05-09 09:28:25";""
468;"SL 467 - Int Samuel Estevez y Int Garro Zoilo";1;11;468;"2025-05-09 09:30:50";"2025-05-09 09:30:50";""
469;"SL 468 - Int Enrique Cuello y Int Gutiérrez del Castillo";1;4;469;"2025-05-09 09:32:38";"2025-05-09 09:32:38";""
470;"SL 469 - Int Antonio Arce y Int Ramon";1;4;470;"2025-05-09 09:34:44";"2025-05-09 09:34:44";""
471;"SL 470 - Int Garro Zoilo y Int Enrique Cuello";1;4;471;"2025-05-09 09:36:30";"2025-05-09 09:36:30";""
472;"SL 471 - Espacio verde Barrio Republica";1;4;472;"2025-05-09 09:38:05";"2025-05-09 09:38:05";""
473;"SL 472 - Pringles y Constitución";1;1;473;"2025-05-09 09:39:07";"2025-05-09 09:39:07";""
474;"SL 473 - 17 de Agosto y San Jose de las Flores";1;11;474;"2025-05-09 09:40:31";"2025-05-09 09:40:31";""
475;"SL 474 - Salvador Segado y Victoria Ocampo";1;3;475;"2025-05-09 09:42:24";"2025-05-09 09:42:24";""
476;"SL 475 - Ascazubi y Los Alelies";1;3;476;"2025-05-09 09:43:37";"2025-05-09 09:43:37";""
477;"SL 476 - Miguel Domínguez y José Maldonado";1;3;477;"2025-05-09 09:45:21";"2025-05-09 09:45:21";""
478;"SL 477 - P. Laborado y Florencio Varela";1;3;478;"2025-05-09 09:47:51";"2025-05-09 09:47:51";""
479;"SL 478 - Boulevard José Aguirre";1;3;479;"2025-05-09 09:49:30";"2025-05-09 09:49:30";""
480;"SL 479 - Eduardo Gutiérrez y Narciso Morales";1;3;480;"2025-05-09 09:52:35";"2025-05-09 09:52:35";""
481;"SL 480 - Aguada y Bases de la Constitución Argentina";1;19;481;"2025-05-09 09:53:49";"2025-05-09 09:53:49";""
482;"SL 481 - Cruz de Piedra y Los Nogales";1;19;482;"2025-05-09 09:55:53";"2025-05-09 09:55:53";""
483;"SL 482 - Las Acacias y Artistas Puntanos";1;19;483;"2025-05-09 09:57:55";"2025-05-09 09:57:55";""
484;"SL 483 - Av. La Estanzuela y Mayor Hugo del Valle Palaver";1;7;484;"2025-05-09 09:59:38";"2025-05-09 09:59:38";""
485;"SL 484 - La Pampa y Av La Estanzuela";1;7;485;"2025-05-09 10:00:41";"2025-05-09 10:00:41";""
486;"SL 485 - Av La Estanzuela y Los Cajones";1;7;486;"2025-05-09 10:03:10";"2025-05-09 10:03:10";""
487;"SL 486 - 2da Rotonda";1;7;487;"2025-05-09 10:03:51";"2025-05-09 10:03:51";""
488;"SL 487 - Dr Julio Luco y Bv Estancia Vieja";1;17;488;"2025-05-09 10:05:02";"2025-05-09 10:05:02";""
489;"SL 488 - Mirador del Cerro - Padre Domingo Racca";1;17;489;"2025-05-09 10:07:05";"2025-05-09 10:07:05";""
490;"SL 489 - Barrio Barrancas Coloradas C N°8 y C N°5";1;17;490;"2025-05-09 10:09:01";"2025-05-09 10:09:01";""
491;"SL 490 - Velez Sarsfield y Victor Saa";1;16;491;"2025-05-09 10:10:52";"2025-05-09 10:10:52";""
492;"SL 491 - Rio Turbio y Bartolome Díaz";1;16;492;"2025-05-09 10:12:49";"2025-05-09 10:12:49";""
493;"SL 482 - Francia y José Hernández";1;16;493;"2025-05-09 10:14:51";"2025-05-09 10:14:51";""
494;"SL 493 - Marcelino Poblet y Caseros";1;16;494;"2025-05-09 10:16:39";"2025-05-09 10:16:39";""
495;"SL 494 - Granadero Marcelino Rodriguez";1;3;495;"2025-05-09 10:18:30";"2025-05-09 10:18:30";""
496;"SL 495 - Belgrano y Eslovenia";1;2;496;"2025-05-09 10:20:18";"2025-05-09 10:22:16";""
499;"SL 496 - Av. Ejercito de los Andes y Esteban Aguero";1;6;499;"2025-05-09 10:23:23";"2025-05-09 10:23:23";""
500;"SL 497 - Ayacucho y Falucho";1;1;500;"2025-05-09 10:24:18";"2025-05-09 10:24:18";""
501;"SL 498 - Casa 8 Manzana 404 B° 527 Viviendas";1;11;501;"2025-05-09 10:28:05";"2025-05-09 10:28:05";""
502;"SL 499 - Casa 12 Manzana 407 B°527 Viviendas";1;11;502;"2025-05-09 10:29:49";"2025-05-09 10:29:49";""
503;"SL 500 - Casa 1 Manzana 442 B°527 Viviendas";1;11;503;"2025-05-09 10:31:36";"2025-05-09 10:31:36";""
504;"SL 501 - Casa 4 Manzana 448 B° 527 Viviendas";1;11;504;"2025-05-09 10:35:11";"2025-05-09 10:35:11";""
505;"SL 502 - Casa 11 Manzana 420 B° 527 Vivienda";1;11;505;"2025-05-09 10:37:36";"2025-05-09 10:37:36";""
506;"SL 503 - Belgrano y Pasaje San Juan";1;2;506;"2025-05-09 10:39:37";"2025-05-09 10:39:37";""
507;"SL 504 - Chacabuco y Ayacucho";1;1;507;"2025-05-09 10:41:56";"2025-05-09 10:41:56";""
508;"SL 507 - Puente Favaloro (Fija)";1;7;508;"2025-05-09 10:44:48";"2025-05-09 10:44:48";""
509;"SL 508 - Martin de Loyola y Don Bosco";1;2;509;"2025-05-09 10:46:06";"2025-05-09 10:46:06";""
510;"Weye - Ingreso";1;2;510;"2025-05-09 10:48:16";"2025-05-09 10:48:16";""
511;"Weye - Interior";1;2;511;"2025-05-09 10:49:02";"2025-05-09 10:50:11";""
512;"SU 01 - Autopista 25 de Mayo y La Loma";27;34;512;"2025-05-09 10:55:18";"2025-05-09 10:55:18";""
513;"VQ 01 - Acceso Villa de la Quebrada";28;34;513;"2025-05-09 11:07:55";"2025-05-09 11:07:55";""
514;"VQ 02 - Centro de Salud";28;34;514;"2025-05-09 11:09:17";"2025-05-09 11:09:17";""
515;"VQ 03 - Esquina iglesia";28;34;515;"2025-05-09 11:10:24";"2025-05-09 11:10:24";""
516;"VQ 04 - Sarmiento y Emilio Di Pascuo";28;34;516;"2025-05-09 11:12:48";"2025-05-09 11:12:48";""
517;"AN 01 - Av. Hipólito Yrigiyen y Av. San Luis";29;35;517;"2025-05-09 15:51:46";"2025-05-09 15:51:46";""
518;"AR 01 - Av. Santamarina y Sarmiento";1;36;518;"2025-05-09 15:54:06";"2025-05-09 15:54:06";""
519;"AR 02 - Av. 5 de Septiembre y Av. Presidente Perón";30;36;519;"2025-05-09 15:56:21";"2025-05-09 15:56:21";""
520;"AR 03 - Av. 5 de Septiembre y Mariano Moreno";30;36;520;"2025-05-09 15:58:36";"2025-05-09 15:58:36";""
521;"BE 01 - Pedernera y Mitre";31;37;521;"2025-05-09 16:03:42";"2025-05-09 16:03:42";""
522;"BE 02 - Rotonda Ingreso BE Ruta N° 148 (YPF)";31;37;522;"2025-05-09 16:05:33";"2025-05-09 16:05:33";""
523;"BE 03 - Pedernera y Baigorria";31;37;523;"2025-05-09 16:07:47";"2025-05-09 16:07:47";""
524;"BE 04 - Pedernera y San Martin";31;37;524;"2025-05-09 16:17:57";"2025-05-09 16:17:57";""
525;"BE 05 - Av. Independencia y Bartolomé Mitre";31;37;525;"2025-05-09 16:20:17";"2025-05-09 16:20:17";""
526;"CR 13 - 13  Rotonda Mandarino";32;38;526;"2025-05-10 09:21:16";"2025-05-10 09:41:03";""
527;"CR 14 - Ruta 1 y Sarmiento";32;38;527;"2025-05-10 09:24:53";"2025-05-10 09:32:56";""
528;"CR 15 - Camino Cerro de Oro y Don Eloy";32;38;528;"2025-05-10 09:31:29";"2025-05-10 09:31:29";""
529;"CE 01 - Av. Jose Mercau y Poleo";33;48;529;"2025-05-10 14:39:40";"2025-05-10 14:39:40";""
530;"CE 02 - Av. José esq La Granadilla";33;48;530;"2025-05-10 14:42:06";"2025-05-10 14:42:06";""
531;"CO 150 - Gob. Elias adre e Irigoyen";34;40;531;"2025-05-10 14:45:18";"2025-05-10 14:45:18";""
532;"CO 152 - Acceso Principal";34;40;532;"2025-05-10 14:47:20";"2025-05-10 14:47:20";""
533;"CO 151 - Acceso Norte";34;40;533;"2025-05-10 14:49:08";"2025-05-10 14:49:08";""
534;"CO 153 - Pedernera Esq YPF";34;40;534;"2025-05-10 14:51:28";"2025-05-10 14:51:28";""
535;"CT 01 - Eugenia de Diego y 23 de Octubre";35;41;535;"2025-05-10 15:48:01";"2025-05-10 15:48:01";""
536;"CT 02 - Ingreso Cortaderas (Lado Norte)";35;41;536;"2025-05-10 15:54:10";"2025-05-10 15:54:10";""
537;"CT 03 - Rotonda Cortaderas (Ruta 1)";35;41;537;"2025-05-10 15:57:49";"2025-05-10 15:57:49";""
538;"FP 01 - Av. Thomas Dixon y Coronel Pringles";36;42;538;"2025-05-10 16:05:14";"2025-05-10 16:05:14";""
539;"FO 01 - Bv. Belgrano Plaza 9 de Julio";37;43;539;"2025-05-10 16:09:43";"2025-05-10 16:09:43";""
540;"FR 01 - 25 de Mayo y María del Carmen Del Bosco";38;44;540;"2025-05-10 16:12:18";"2025-05-10 16:12:18";""
541;"FR 02 - Ruta 7 Fraga";38;44;541;"2025-05-10 16:14:40";"2025-05-10 16:14:40";""
542;"FR 03 - Sarmiento y Pringles";38;44;542;"2025-05-10 16:16:28";"2025-05-10 16:16:28";""
543;"JJ 01 - Ruta 8";39;45;543;"2025-05-10 16:19:25";"2025-05-10 16:19:25";""
544;"JJ 02 - Acceso Ruta 1 Norte";39;45;544;"2025-05-10 16:21:35";"2025-05-10 16:21:35";""
545;"JJ 03 - Acceso Ruta 1 Sur";39;45;545;"2025-05-10 16:26:53";"2025-05-10 16:26:53";""
546;"JD 01 - Liniers y Los Andes";40;46;546;"2025-05-10 16:35:57";"2025-05-10 16:35:57";""
547;"JD 02 - San Luis y Mitre";40;46;547;"2025-05-10 16:40:20";"2025-05-10 16:40:20";""
548;"JD 03 - San Luis y Pringles";40;46;548;"2025-05-10 16:42:22";"2025-05-10 16:42:22";""
549;"JD 04 - Plaza San Martin";40;46;549;"2025-05-10 16:44:55";"2025-05-10 16:44:55";""
550;"JD 05 - Juan B. Justo y Las Vías";40;46;550;"2025-05-10 16:49:20";"2025-05-10 16:49:20";""
551;"JD 06 - Juan B. Justo y Salta (Fija)";40;46;551;"2025-05-10 16:53:04";"2025-05-10 16:53:04";""
552;"JD 07 - Acceso M. Argentinas";40;46;552;"2025-05-10 16:56:21";"2025-05-10 16:56:21";""
553;"JD 08 - Acceso M. Argentinas";40;46;553;"2025-05-10 17:05:12";"2025-05-10 17:05:12";""
554;"JD 09 - Moreno y Héroes de Chancay";40;46;554;"2025-05-10 17:08:35";"2025-05-10 17:08:35";""
555;"JD 10 - Ruta 7 Ruta 14";40;46;555;"2025-05-10 17:11:44";"2025-05-10 17:11:44";""
556;"JD 11 - Rio Quinto y Ruta N° 14";40;46;556;"2025-05-10 17:14:18";"2025-05-10 17:14:18";""
557;"JD 12 - Ruta 11";40;46;557;"2025-05-10 17:16:48";"2025-05-10 17:16:48";""
558;"JD 13 - Ruta N° 11 y Ruta N° 148 (Puente)";40;46;558;"2025-05-10 17:19:24";"2025-05-10 17:19:24";""
559;"LM 01 - Entrada a Los Molles (Ruta 1 y 25 de Mayo)";41;47;559;"2025-05-10 17:23:15";"2025-05-10 17:23:15";""
560;"LM 02 - La Carretilla y Simeón Chirino";41;47;560;"2025-05-10 17:25:30";"2025-05-10 17:25:30";""
561;"NA 01 - Av. Belgrano y Pedernera (Iglesia Naschel)";43;50;561;"2025-05-10 17:46:27";"2025-05-10 17:46:27";""
562;"NA 02 - Boulevard Bernardino Rivadavia";43;50;562;"2025-05-10 17:56:48";"2025-05-10 17:56:48";""
563;"NA 03 - Ingreso Naschel (Av. Bartolucci)";43;50;563;"2025-05-10 17:59:01";"2025-05-10 17:59:01";""
564;"NA 04 - 9 de Julio y Pedernera";43;50;564;"2025-05-10 18:01:48";"2025-05-10 18:01:48";""
565;"NG 01 - San Martin y Belgrano";44;51;565;"2025-05-10 18:09:13";"2025-05-10 18:09:13";""
566;"NG 02 - Ruta 55 y Pueyrredón";44;51;566;"2025-05-10 18:11:33";"2025-05-10 18:11:33";""
567;"NG 03 - Rotonda Ingreso NG (Ingreso Estación El Cruce)";44;51;567;"2025-05-10 18:13:56";"2025-05-10 18:13:56";""
568;"NG 04 - Chacabuco y San Martin";44;51;568;"2025-05-10 18:16:14";"2025-05-10 18:16:14";""
569;"RE 01 - Municipalidad de Renca";45;52;569;"2025-05-10 18:37:15";"2025-05-10 18:37:15";""
570;"RE 02 - Plaza de Renca";45;52;570;"2025-05-10 18:38:28";"2025-05-10 18:38:28";""
571;"SP 01 - San Martin y Córdoba";46;53;571;"2025-05-10 18:41:16";"2025-05-10 18:41:16";""
572;"SR 35 - Manuel Antonio Zalazar - Ingreso al Pueblo";47;54;572;"2025-05-10 18:46:14";"2025-05-10 18:46:14";""
573;"SR 36 - Terminal de Ómnibus";47;54;573;"2025-05-10 18:49:16";"2025-05-10 18:49:16";""
574;"SR 37 - Av. San Martin frente al balneario";47;54;574;"2025-05-10 18:51:57";"2025-05-10 18:51:57";""
575;"SR 38 - Boliche";47;54;575;"2025-05-10 18:53:59";"2025-05-10 18:53:59";""
576;"SR 39 - Plaza Principal";47;54;576;"2025-05-10 18:57:08";"2025-05-10 18:57:08";""
577;"SR 40 - Av. Padre Tavolaro";47;54;577;"2025-05-10 18:59:31";"2025-05-10 18:59:31";""
578;"TI 32 - Ingreso Terminal";48;53;578;"2025-05-10 19:02:06";"2025-05-10 19:02:06";""
579;"TI 33 - 25 de Mayo y Pringles";48;53;579;"2025-05-10 19:07:44";"2025-05-10 19:07:44";""
580;"TI 34 - Av. Córdoba y Mitre";48;53;580;"2025-05-10 19:15:41";"2025-05-10 19:15:41";""
581;"UN 01 - Av. Antonio Dassa y María las Cejas";49;55;581;"2025-05-10 19:19:17";"2025-05-10 19:19:17";""
582;"UN 02 - Av. Antonio Dassa y Máximo Barthel";49;55;582;"2025-05-10 19:22:18";"2025-05-10 19:22:18";""
583;"UN 03 - Av. Wust y Chávez Quiroga";49;55;583;"2025-05-10 19:23:54";"2025-05-10 19:24:38";""
584;"VDC 01 - Rotonda Villa del Carmen (Ruta N°1)";50;56;584;"2025-05-10 19:43:31";"2025-05-10 19:43:31";""
585;"VL 01 - Terminal";51;57;585;"2025-05-10 20:01:36";"2025-05-10 20:01:36";""
586;"VL 02 - Ruta 6 y Ruta 1";51;57;586;"2025-05-10 20:03:39";"2025-05-10 20:03:39";""
587;"ME 01 - Terminal de Ómnibus";42;48;587;"2025-05-10 20:10:31";"2025-05-10 20:10:31";""
588;"ME 02 - Rotonda de Acceso";42;49;588;"2025-05-13 16:26:54";"2025-05-13 16:26:54";""
589;"ME 03 - RUTA 1  y Sobremonte";42;49;589;"2025-05-13 16:30:50";"2025-05-13 16:30:50";""
590;"ME 04 - Av. del Norte y Av. Libertador San Martín";42;49;590;"2025-05-13 16:37:20";"2025-05-13 16:37:20";""
591;"ME 05 - Casino Flamingo";42;48;591;"2025-05-13 16:39:11";"2025-05-13 16:39:11";""
592;"ME 06 - Av. del Sol y Conlara";42;48;592;"2025-05-13 16:41:01";"2025-05-13 16:41:01";""
593;"ME 07 - Clemente Janson y Presbitero Becerra";42;49;593;"2025-05-13 16:43:44";"2025-05-13 16:43:44";""
594;"ME 08 - Pringles esq. Los Tilos";42;49;594;"2025-05-13 16:45:20";"2025-05-13 16:45:20";""
595;"ME 09 - Municipalidad";42;49;595;"2025-05-13 16:46:22";"2025-05-13 16:46:22";""
596;"ME 10 - Los Lapachos Sur y CO de las Ovejas";42;48;596;"2025-05-13 16:48:53";"2025-05-13 16:48:53";""
597;"ME 11 - Pringles 870 (Canal Iglesia)";42;49;597;"2025-05-13 16:50:40";"2025-05-13 16:50:40";""
598;"ME 12 - Ruta N°5 y calle Juana Azurduy";42;49;598;"2025-05-13 16:52:43";"2025-05-13 16:52:43";""
599;"ME 13 - Plaza San Agustín";42;48;599;"2025-05-13 16:54:31";"2025-05-13 16:54:31";""
600;"ME 14 - Ruta N°5 y Av. El Rosedal";42;49;600;"2025-05-13 16:56:05";"2025-05-13 16:56:05";""
601;"ME 15 - Av. Dos Venados y Av. Del Libertador";42;49;601;"2025-05-13 16:57:39";"2025-05-13 16:57:39";""
602;"ME 16 - Av. San Martín y Av. del Deporte";42;49;602;"2025-05-13 16:59:18";"2025-05-13 16:59:18";""
603;"ME 17 - Carlos Gardel y Av. Mercau";42;48;603;"2025-05-13 17:00:36";"2025-05-13 17:00:36";""
604;"ME 18 - Av. del Sol y Av. Mercau";42;48;604;"2025-05-13 17:01:37";"2025-05-13 17:01:37";""
605;"ME 19 - Av. Los Cásares y Av. Dos Venados";42;48;605;"2025-05-13 17:05:51";"2025-05-13 17:05:51";""
606;"ME 20 - Biblioteca Piedra Blanca Arriba";42;49;606;"2025-05-13 17:07:24";"2025-05-13 17:07:24";""
607;"ME 21 - Av. de los Incas y Av. Dos Venados";42;49;607;"2025-05-13 17:08:37";"2025-05-13 17:08:37";""
608;"ME 22 - Ruta 1 y Carlos Gardel";42;48;608;"2025-05-13 17:09:44";"2025-05-13 17:09:44";""
609;"ME 23 - Monseñor Orzali";42;49;609;"2025-05-13 17:11:53";"2025-05-13 17:11:53";""
610;"ME 24 - Comechingones y Guemes";42;49;610;"2025-05-13 17:13:11";"2025-05-13 17:13:11";""
611;"ME 25 - Av. del Ciprés y Av. del Deporte";42;49;611;"2025-05-13 17:14:48";"2025-05-13 17:14:48";""
612;"ME 26 - Escuela Santiago Besso";42;48;612;"2025-05-13 17:16:08";"2025-05-13 17:16:08";""
613;"ME 27 - Pedernera y Av. del Sol";42;48;613;"2025-05-13 17:25:43";"2025-05-13 17:25:43";""
614;"ME 28 - Granaderos Puntanos";42;49;614;"2025-05-13 17:28:00";"2025-05-13 17:28:00";""
615;"ME 29 - Plaza Barrio 207 Viviendas";42;49;615;"2025-05-13 17:30:09";"2025-05-13 17:30:09";""
616;"ME 30 - Escuela N°435";42;49;616;"2025-05-13 17:32:17";"2025-05-13 17:32:17";""
617;"ME 31 - Huarpes esq. Juana Azurduy";42;49;617;"2025-05-13 17:33:56";"2025-05-13 17:33:56";""
618;"ME 32 - Barrio 272 Viv.";42;48;618;"2025-05-13 17:35:13";"2025-05-13 17:35:13";""
619;"ME 33 - Rincón del Este";42;48;619;"2025-05-13 17:37:33";"2025-05-13 17:37:33";""
620;"ME 34 - Rotonda Piedra blanca";42;49;620;"2025-05-13 17:38:45";"2025-05-13 17:38:45";""
621;"ME 35 - Plaza Barrio 140 Viv. Trapiche y Saturno";42;48;621;"2025-05-13 17:41:11";"2025-05-13 17:41:11";""
622;"ME 36 - Los Almendros esq. Guemes";42;49;622;"2025-05-13 17:45:57";"2025-05-13 17:45:57";""
623;"ME 37 - Universidad de los Comechingones";42;48;623;"2025-05-13 17:47:37";"2025-05-13 17:47:37";""
624;"ME 38 - Av. de los Césares esq. Bella Vista";42;48;624;"2025-05-13 17:49:03";"2025-05-13 17:49:03";""
625;"ME 39 - Av. Eva Duarte y Carlos Gardel";42;48;625;"2025-05-13 17:50:22";"2025-05-13 17:50:22";""
626;"ME 40 - Av. José Mercau y Las Majadas";42;48;626;"2025-05-13 17:51:38";"2025-05-13 17:51:38";""
627;"ME 41 - Piedra Blanca Abajo";42;49;627;"2025-05-13 17:53:34";"2025-05-13 17:53:34";""
628;"VM 01 - Barrio Pimpollo por calle Dr Mestre";52;67;628;"2025-05-14 21:33:58";"2025-05-14 22:18:35";""
629;"VM 02 - Terminal de Ómnibus - Av. 25 de Mayo e Hilario Cuadros";52;60;629;"2025-05-14 21:37:05";"2025-05-14 21:37:05";""
630;"VM 03 - Mitre y Origone";52;69;630;"2025-05-14 21:42:03";"2025-05-14 21:59:57";""
631;"VM 04 - Los Álamos y Origone";52;69;631;"2025-05-14 21:45:27";"2025-05-14 22:01:01";""
632;"VM 05 - Perón y Centenario";52;65;632;"2025-05-14 21:51:11";"2025-05-14 21:51:11";""
633;"VM 06 - Zabala Ortiz y Tallaferro";52;65;633;"2025-05-14 21:54:42";"2025-05-14 21:54:42";""
634;"VM 07 - Bélgica y Maipú - Policlínico";52;69;634;"2025-05-14 21:58:17";"2025-05-14 22:01:28";""
635;"VM 08 - Perón y San Juan";52;59;635;"2025-05-14 22:04:29";"2025-05-14 22:04:29";""
636;"VM 09 - Amaro Galán y Ardiles";52;63;636;"2025-05-14 22:08:45";"2025-05-14 22:08:45";""
637;"VM 10 - Pringles y Amaro Galán";52;63;637;"2025-05-14 22:11:17";"2025-05-14 22:11:17";""
638;"VM 11 - Poder Judicial - Lavalle y Uruguay";52;58;638;"2025-05-14 22:17:42";"2025-05-14 22:17:42";""
639;"VM 12 - Pedernera y España - Plaza Pedernera";52;58;639;"2025-05-15 17:52:20";"2025-05-19 11:38:46";""
640;"VM 13 - Tucumán y Lavalle";52;58;640;"2025-05-15 17:53:59";"2025-05-15 17:53:59";""
641;"VM 14 - Junin y Belgrano";52;58;651;"2025-05-19 11:37:37";"2025-05-19 11:37:37";""
642;"VM 15 - Mitre y Edison";52;58;652;"2025-05-19 11:40:19";"2025-05-19 11:40:19";""
643;"VM 16 - Pedernera y Salta - (Banco Nacion)";52;58;653;"2025-05-19 11:41:44";"2025-05-20 11:20:31";""
644;"VM 17 - Pedernera y D'Agnilo - (Banco Frances)";52;58;654;"2025-05-19 11:43:09";"2025-05-20 11:19:17";""
645;"VM 18 - 25 De Mayo y Coronel Iseas";52;58;655;"2025-05-19 11:45:23";"2025-05-19 11:45:23";""
646;"VM 19 - 25 De Mayo y Pescadores";52;58;656;"2025-05-19 11:46:36";"2025-05-19 11:46:36";""
647;"VM 20 - 25 De Mayo y Eleodoro Lobos - Shell";52;58;658;"2025-05-19 11:48:12";"2025-05-19 11:55:00";""
648;"VM 25 - Potosi y Bellini (Fija)";52;58;659;"2025-05-19 11:49:36";"2025-05-19 11:55:09";""
649;"PLI - Bajada Nueva - Ingreso a San Luis";49;55;660;"2025-05-19 11:50:19";"2025-05-19 11:50:19";""
650;"VM 27 - Zabala Ortiz y Guido";52;65;661;"2025-05-19 11:57:17";"2025-05-19 11:57:17";""
651;"PLI - Baldecito - Egreso a San Luis";6;24;662;"2025-05-19 11:57:35";"2025-05-19 11:57:35";""
652;"PLI - Baldecito - Ingreso a San Luis";6;24;663;"2025-05-19 11:59:10";"2025-05-19 11:59:10";""
653;"VM 28 - Moreno y Esteban Aguero (B° Viva San Luis)";52;65;665;"2025-05-19 12:01:20";"2025-05-19 12:01:20";""
654;"VM 29 - Av. Mitre y Calle Angosta";52;69;666;"2025-05-19 12:03:08";"2025-05-19 12:03:08";""
655;"VM 30 - Cmte Videla y Las Heras";52;69;667;"2025-05-19 12:04:52";"2025-05-19 12:04:52";""
656;"PLI - Casimiro Gomez - Egreso a San Luis";44;51;668;"2025-05-19 12:05:41";"2025-05-19 12:05:41";""
657;"VM 33 - Terminal de Omnibus (Fija)";52;61;669;"2025-05-19 12:06:39";"2025-05-19 12:06:39";""
658;"PLI - Casimiro Gomez - Ingreso a San Luis";44;51;670;"2025-05-19 12:07:39";"2025-05-19 12:07:39";""
659;"VM 34 - Hospital Policlinico";52;69;671;"2025-05-19 12:08:01";"2025-05-19 12:08:01";""
660;"VM 51 - Chacabuco y Sallorenzo - Esc. E. Galeano";52;61;672;"2025-05-19 12:10:29";"2025-06-30 13:02:11";""
661;"PLI - Desaguadero - Egreso de San Luis";3;21;673;"2025-05-19 12:11:04";"2025-05-19 12:11:04";""
662;"VM 52 - Olloqui y Buenos Aires - (Barrio 960 Viviendas) - (Fija)";52;59;674;"2025-05-19 12:13:15";"2025-05-19 12:13:15";""
663;"PLI - Desaguadero - Ingreso a San Luis";3;21;675;"2025-05-19 12:14:34";"2025-05-19 12:14:34";""
664;"VM 53 - Mitre entre Curupayti y Maipu (Plaza San Martin)";52;69;676;"2025-05-19 12:15:12";"2025-05-19 12:21:08";""
665;"VM 54 - 25 De Mayo entre Rivadavia y Santiago Betbeder (Plaza Sarmiento)";52;58;677;"2025-05-19 12:20:07";"2025-05-19 12:20:07";""
666;"VM 55 - Juan B. Justo y 9 de Julio (Plaza Pringles)";52;69;678;"2025-05-19 12:22:50";"2025-05-19 12:22:50";""
667;"VM 56 - Belgrano y Ayacucho (Plaza Lafinur)";52;58;679;"2025-05-19 12:24:25";"2025-05-19 12:24:25";""
668;"VM 57 - Chacabuco y M. Dorrego (Plaza Italia)";52;61;681;"2025-05-19 12:25:45";"2025-05-19 12:25:45";""
669;"VM 58 - Colombia y General Paz (Palacio de los Deportes)";52;69;682;"2025-05-19 12:27:07";"2025-05-19 12:27:07";""
670;"VM 59 - Intendente Leyes y Almafuerte";52;61;683;"2025-05-19 12:28:17";"2025-05-19 12:28:17";""
671;"VM 60 - Av. Mitre y San Luis";52;69;684;"2025-05-19 12:29:34";"2025-05-19 12:29:34";""
672;"PLI - Justo Daract - Egreso a san Luis";40;46;685;"2025-05-19 12:29:40";"2025-05-19 12:29:40";""
673;"PLI - Justo Daract - Ingreso a San Luis";40;46;686;"2025-05-19 12:31:20";"2025-05-19 12:31:20";""
674;"VM 61 - Pueyrredon y Juan W. Gez (Escuela Raul B. Diaz)";52;58;687;"2025-05-19 12:31:24";"2025-05-19 12:31:24";""
675;"VM 62 - Av. Presidente Peron y Leon Guillet";52;59;688;"2025-05-19 12:32:54";"2025-05-19 12:32:54";""
678;"PLI - La Horqueta - Ingreso a San Luis";5;23;692;"2025-05-19 12:35:56";"2025-05-19 12:35:56";""
679;"VM 63 - Av. Presidente Perón y Carlos Pellegrini";52;66;693;"2025-05-19 12:35:59";"2025-05-19 12:35:59";""
680;"VM 64 - Pedernera y Tucumán";52;58;694;"2025-05-19 12:36:51";"2025-05-19 12:36:51";""
681;"VM 66 - Los Álamos y Autopista";52;69;695;"2025-05-19 12:38:11";"2025-05-19 12:38:11";""
682;"VM 67 - Rotonda Ruta 2 B";52;62;696;"2025-05-19 12:39:02";"2025-05-19 12:39:02";""
683;"VM 68 - Rufino Barreiro y 1° de Mayo (Fija)";52;59;697;"2025-05-19 12:40:57";"2025-05-19 12:40:57";""
684;"VM 69 - BV. Ernesto Moretti y Venezuela (B° Jardin del Sur)";52;64;698;"2025-05-19 12:42:40";"2025-05-19 12:42:40";""
685;"VM 70 - 25 De Mayo y Intendente Leyes";52;69;699;"2025-05-19 12:44:41";"2025-05-19 12:44:41";""
686;"VM 71 - Belgica y Jujuy";52;69;701;"2025-05-19 12:46:44";"2025-05-19 12:46:44";""
687;"PLI - La Punilla - Calle Lateral";50;56;702;"2025-05-19 12:47:37";"2025-05-19 12:47:37";""
688;"VM 72 - Maipú y 9 de Julio";52;69;703;"2025-05-19 12:48:15";"2025-05-19 12:48:15";""
689;"VM 73 - Belgrano y Santiago del Estero (Plaza de la Salud)";52;69;704;"2025-05-19 12:49:32";"2025-05-19 12:49:32";""
690;"VM 74 - Pedernera y Santiago Milone (Parque Costanera)";52;58;705;"2025-05-19 12:51:34";"2025-05-19 12:51:34";""
691;"VM 75 - Av. Jorge Newbery y Escuela Chubut (Fija)";52;64;706;"2025-05-19 12:53:35";"2025-05-19 12:53:35";""
692;"VM 76 - Madre Cabrini y Suipacha";52;69;707;"2025-05-19 12:54:47";"2025-05-19 12:54:47";""
693;"VM 77 - Landaburu y Heredia Cornou (Hospital B° La Ribera)";52;62;708;"2025-05-19 12:56:19";"2025-05-19 12:56:19";""
694;"PLI - La Punilla - Egreso de San Luis";50;56;709;"2025-05-19 12:57:28";"2025-05-19 12:57:28";""
695;"VM 78 - Los Álamos y Carlos Pellegrini";52;69;710;"2025-05-19 12:57:34";"2025-05-19 12:57:34";""
696;"VM 79 - Juan Llerena y García Lorca";52;61;711;"2025-05-19 12:58:50";"2025-05-19 12:58:50";""
697;"VM 80 - Hector Aubert y Santiago Milone (Hospital B°Jardin del Sur)";52;64;712;"2025-05-19 13:01:00";"2025-05-19 13:01:00";""
698;"VM 81 - Plazoleta Escuela (B° Obras Sanitarias)";52;63;713;"2025-05-19 13:02:12";"2025-05-19 13:02:12";""
699;"PLI - La Punilla - Ingreso a San Luis";50;56;714;"2025-05-19 13:03:02";"2025-05-19 13:03:02";""
700;"VM 82 - Av. Jorge Cazorla y Mario Ernst (Esc. Vicente Lucero)";52;62;715;"2025-05-19 13:03:33";"2025-05-19 13:03:33";""
701;"VM 83 - Av. Presidente Perón y La Rioja";52;69;716;"2025-05-19 13:05:02";"2025-05-19 13:05:02";""
702;"PLI - La Punilla - Puesto de Control";50;56;718;"2025-05-19 13:06:18";"2025-05-19 13:06:18";""
703;"VM 84 - Betbeder y Montevideo";52;61;719;"2025-05-19 13:06:25";"2025-05-19 13:06:25";""
704;"VM 85 - Italia y León Guillet";52;58;720;"2025-05-19 13:07:26";"2025-05-19 13:07:26";""
705;"VM 86 - Sallorenzo y España (Puente Colgante)";52;58;721;"2025-05-19 13:08:25";"2025-05-19 13:08:25";""
706;"VM 87 - Riobamba y Lamadrid";52;58;722;"2025-05-19 13:11:37";"2025-05-19 13:11:37";""
707;"VM 88 - Av. Mitre y San Juan";52;58;725;"2025-05-19 13:26:19";"2025-05-19 13:26:19";""
708;"VM 89 - Jorge Luis Ruffa (Escuela Bilingüe Mahatma Gandhi)";52;62;726;"2025-05-19 13:31:15";"2025-05-19 13:31:15";""
709;"VM 90 - Adolfo Perez y Mario Ernst";52;62;728;"2025-05-19 13:32:58";"2025-05-19 13:32:58";""
710;"VM 91 - Buenos Aires y General Paz";52;58;729;"2025-05-19 13:34:20";"2025-05-19 13:34:20";""
711;"VM 92 - Calle Libertad - (Fija) - (Barrio La Rioja)";52;58;730;"2025-05-19 13:36:10";"2025-05-19 13:36:10";""
712;"VM 93 - Centenario y Nelson";52;65;731;"2025-05-19 13:38:34";"2025-05-19 13:38:34";""
713;"VM 94 - Av. Presidente Perón y Ministro Berrondo";52;66;732;"2025-05-19 13:40:57";"2025-05-19 13:40:57";""
714;"VM 95 - Curchod y Brasil";52;69;733;"2025-05-19 13:42:31";"2025-05-19 13:42:31";""
715;"VM 96 - Bélgica y Uruguay";52;58;734;"2025-05-19 13:43:37";"2025-05-19 13:43:37";""
716;"VM 97 - Amaro Galan y 1° de Mayo (Barrio ATEII)";52;63;735;"2025-05-19 13:45:12";"2025-05-19 13:45:12";""
717;"VM 99 - Coronel Iseas y Lamadrid";52;61;736;"2025-05-19 13:46:38";"2025-05-19 13:46:38";""
718;"VM 101 - Héroes de Malvinas y Capitán Bustos (Brio Feliciano Sarmiento)";52;64;737;"2025-05-19 13:48:35";"2025-05-19 13:49:25";""
719;"VM 103 - Sallorenzo y Colon";52;61;738;"2025-05-19 13:51:37";"2025-05-19 13:51:37";""
720;"VM 104 - D'Agnilo y General Paz";52;58;739;"2025-05-19 13:53:04";"2025-05-19 13:53:04";""
721;"VM 105 - Belgrano y Urquiza";52;58;740;"2025-05-19 13:54:19";"2025-05-19 13:54:19";""
722;"VM 130 - Pedernera y Córdoba";52;58;741;"2025-05-19 13:55:37";"2025-05-19 13:55:37";""
723;"VM 131 - Av. Presidente Perón y Zabala Ortiz";52;65;742;"2025-05-19 13:56:48";"2025-05-19 13:56:48";""
724;"VM 201 - Chacabuco y Belgrano";52;69;743;"2025-05-19 13:57:57";"2025-05-19 13:57:57";""
725;"VM 202 - Belgrano y Coronel Iseas";52;58;744;"2025-05-19 13:59:12";"2025-05-19 13:59:12";""
726;"VM 203 - Montevideo y Libertad";52;61;745;"2025-05-19 14:00:48";"2025-05-19 14:00:48";""
727;"VM 204 - Madre Cabrini y 9 de Julio";52;69;746;"2025-05-19 14:04:04";"2025-05-19 14:04:04";""
728;"PLI - La Tranca - Egreso de San Luis";55;73;747;"2025-05-19 14:04:22";"2025-05-19 14:04:22";""
729;"VM 205 - Zabala Ortiz y San Martin";52;69;748;"2025-05-19 14:06:28";"2025-05-19 14:06:28";""
730;"VM 206 - Bélgica y Buenos Aires";52;58;749;"2025-05-19 14:08:33";"2025-05-19 14:08:33";""
731;"PLI - La Tranca - Ingreso a San Luis";55;73;750;"2025-05-19 14:08:45";"2025-05-19 14:08:45";""
732;"VM 207 - Estados de Israel y Belgrano - (Fija)";52;69;751;"2025-05-19 14:10:37";"2025-05-19 14:10:37";""
733;"PLI - Santa Rosa - Egreso de San Luis";47;54;752;"2025-05-19 14:11:58";"2025-05-19 14:11:58";""
734;"VM 208 - Uruguay y Pedro B. Diaz (Fija)";52;63;753;"2025-05-19 14:12:11";"2025-05-19 14:12:11";""
735;"VM 209 - Ardiles y Chile";52;59;754;"2025-05-19 14:13:04";"2025-05-19 14:13:04";""
736;"PLI - Santa Rosa - Ingreso a San Luis";47;54;755;"2025-05-19 14:13:38";"2025-05-19 14:13:38";""
737;"VM 210 - Pizarro y Sargento Baigorria";52;67;756;"2025-05-19 14:14:31";"2025-05-19 14:14:31";""
738;"VM 211 - Av. Presidente Perón y Tucumán";52;59;757;"2025-05-19 14:16:35";"2025-05-19 14:16:35";""
739;"VM 212 - Braulio Moyano y Lamadrid";52;67;758;"2025-05-19 14:18:00";"2025-05-19 14:18:00";""
740;"VM 213 - San Martin y Ardiles";52;58;759;"2025-05-19 14:19:28";"2025-05-19 14:19:28";""
741;"PLI - Victorica";30;36;760;"2025-05-19 14:20:16";"2025-05-19 14:20:16";""
742;"VM 214 - Suipacha y Uruguay";52;58;761;"2025-05-19 14:20:45";"2025-05-19 14:20:45";""
743;"VM 215 - Av. Mitre y La Rioja";52;69;762;"2025-05-19 14:22:09";"2025-05-19 14:22:09";""
744;"VM 216 - Arenales y Italia";52;69;763;"2025-05-19 14:23:47";"2025-05-19 14:23:47";""
745;"VM 217 - San Cayetano y Urquiza";52;58;764;"2025-05-19 14:25:16";"2025-05-19 14:25:16";""
746;"VM 218 - Montevideo y Colon";52;61;765;"2025-05-19 14:26:20";"2025-05-19 14:26:20";""
747;"VM 219 - Entre Ríos y Güemes";52;61;766;"2025-05-19 14:27:40";"2025-05-19 14:27:40";""
748;"VM 220 - Nelson entre Moreno y Paraguay";52;65;767;"2025-05-19 14:30:06";"2025-05-19 14:30:06";""
749;"VM 221 - Av. Perón y Santa Fe";52;65;768;"2025-05-19 14:31:20";"2025-05-19 14:31:20";""
750;"VM 222 - Montevideo y Junín";52;58;769;"2025-05-19 14:32:33";"2025-05-19 14:32:33";""
751;"PLI - Vizcacheras - Egreso a San Luis";39;42;770;"2025-05-19 14:32:55";"2025-05-19 14:32:55";""
752;"VM 223 - Juan W. Gez y San Cayetano";52;61;771;"2025-05-19 14:34:39";"2025-05-19 14:34:39";""
753;"PLI - Vizcacheras - Ingreso a San Luis";39;42;772;"2025-05-19 14:35:39";"2025-05-19 14:35:39";""
754;"VM 224 - Gral. Mulleady y Las Heras";52;69;773;"2025-05-19 14:37:25";"2025-05-19 14:37:25";""
755;"VM 225 - Pringles y Esteban Agüero";52;59;774;"2025-05-19 14:38:20";"2025-05-19 14:38:20";""
756;"PLI - Vizcacheras - Puesto de Control";39;42;775;"2025-05-19 14:38:40";"2025-05-19 14:38:40";""
757;"VM 226 - Carlos Pellegrini y Italia";52;69;776;"2025-05-19 14:39:45";"2025-05-19 14:39:45";""
758;"LPR - Autódromo hacia Mendoza";1;11;777;"2025-05-19 14:41:23";"2025-05-19 14:41:23";""
759;"VM 227 - Miguel B. Pastor y 9 de Julio";52;58;778;"2025-05-19 14:41:33";"2025-05-19 14:41:33";""
760;"LPR - Autódromo hacia San Luis";1;11;779;"2025-05-19 14:42:43";"2025-05-19 14:42:43";""
761;"VM 228 - Zabala Ortiz y Landaburu (Fija)";52;65;780;"2025-05-19 14:44:30";"2025-05-19 14:44:30";""
762;"VM 229 - Lamadrid y Ivanosky";52;67;781;"2025-05-19 14:45:48";"2025-05-19 14:45:48";""
764;"LPR - AV. Del Centenario - Egreso Tilisarao";48;53;783;"2025-05-19 14:45:58";"2025-05-19 14:45:58";""
765;"VM 230 - Brasil y Ardiles";52;59;784;"2025-05-19 14:47:22";"2025-05-19 14:47:22";""
766;"LPR - AV. Del Centenario - Ingreso a Tilisarao";48;53;785;"2025-05-19 14:48:07";"2025-05-19 14:48:07";""
767;"VM 231 - Necochea y San Martin";52;58;786;"2025-05-19 14:48:48";"2025-05-19 14:48:48";""
768;"VM 232 - Brasil y Juan B. Justo";52;69;787;"2025-05-19 14:49:54";"2025-05-19 14:49:54";""
769;"LPR - AV. Del Portezuelo - Carril derecho hacia el este - carril izquierdo hacia el este";1;7;788;"2025-05-19 14:51:17";"2025-05-19 14:51:17";""
770;"VM 233 - Francia y Bolivia";52;69;789;"2025-05-19 14:51:44";"2025-05-19 14:51:44";""
771;"VM 234 - Av. 25 de Mayo y Juan Llerena";52;58;790;"2025-05-19 14:52:53";"2025-05-19 14:52:53";""
772;"VM 235 - Rufino Barreiro y Pringles";52;59;791;"2025-05-19 14:54:04";"2025-05-19 14:54:04";""
773;"VM 236 - Tucumán y Tallaferro";52;59;792;"2025-05-19 14:55:14";"2025-05-19 14:55:14";""
774;"VM 237 - Santiago Betbeder y Sallorenzo";52;61;793;"2025-05-19 14:57:12";"2025-05-19 14:57:12";""
775;"LPR - AV. Las Chacras - Hacia el Potrero";14;14;794;"2025-05-19 14:58:16";"2025-05-19 14:58:16";""
776;"VM 238 - 3 de Febrero y Pje. Ramirez";52;61;795;"2025-05-19 14:58:45";"2025-05-19 14:58:45";""
777;"LPR - AV. Las Chacras - Hacia San Luis";14;14;796;"2025-05-19 14:59:13";"2025-05-19 14:59:13";""
778;"VM 239 - Venezuela y Pirker (Fija)";52;63;797;"2025-05-19 15:01:01";"2025-05-19 15:01:01";""
779;"VM 240 - Av. Jorge Newbery y Bv. Ernesto Moretti (Ingreso B° Jardin del Sur)";52;64;798;"2025-05-19 15:02:42";"2025-05-19 15:02:42";""
780;"LPR - Bajada Nueva - hacia Mendoza";49;55;799;"2025-05-19 15:03:25";"2025-05-19 15:03:25";""
781;"LPR - Bajada Nueva - hacia San Luis";49;55;800;"2025-05-19 15:04:53";"2025-05-19 15:04:53";""
782;"VM 241 - Anfiteatro Calle Angosta";52;69;801;"2025-05-19 15:06:13";"2025-05-19 15:06:13";""
783;"VM 242 - Calle Angosta y Solís";52;69;802;"2025-05-19 15:07:15";"2025-05-19 15:07:15";""
784;"VM 243 - Calle Angosta Patio de Comida";52;69;803;"2025-05-19 15:09:26";"2025-05-19 15:09:26";""
785;"VM 244 - Av. 25 de Mayo y Miguel Angel Rosso";52;69;804;"2025-05-19 15:11:58";"2025-05-19 15:11:58";""
786;"VM 245 - Rotonda del Indio - Ruta Provincial 55";52;62;805;"2025-05-19 15:13:08";"2025-05-19 15:13:08";""
787;"VM 246 - Av. Mitre y Doctor Dominguez";52;69;806;"2025-05-19 15:14:05";"2025-05-19 15:14:05";""
788;"VM 247 - Maipú y Aldo Raúl Ávila";52;64;807;"2025-05-19 15:15:15";"2025-05-19 15:15:15";""
789;"VM 248 - Maipú y Amaro Galán";52;65;808;"2025-05-19 15:16:20";"2025-05-19 15:16:20";""
790;"VM 249 - Ángel Pes y Manuel Bustos";52;64;809;"2025-05-19 15:17:30";"2025-05-19 15:17:30";""
791;"VM 250 - Balcarce y Pescadores";52;58;810;"2025-05-19 15:18:21";"2025-05-19 15:18:21";""
792;"VM 251 - Av. Jorge Robustelli y Ungaro";52;62;811;"2025-05-19 15:20:10";"2025-05-19 15:20:10";""
793;"VM 252 - Quinta Policial";52;66;812;"2025-05-19 15:20:59";"2025-05-19 15:20:59";""
794;"VM 253 - Maria Duarte y Zabala Ortiz";52;67;813;"2025-05-19 15:22:24";"2025-05-19 15:22:24";""
795;"VM 254 - 25 de Mayo y Ruta 7";52;69;814;"2025-05-19 15:23:53";"2025-05-19 15:23:53";""
796;"VM 255 - Ruta 7 KM 694";52;60;815;"2025-05-19 15:25:36";"2025-05-19 15:25:36";""
797;"VM 256 - Guayaquil y Hipólito Yrigoyen";52;59;816;"2025-05-19 15:27:30";"2025-05-19 15:27:30";""
798;"VM 257 - Dr. Mundet y Tte Pereyra";52;66;817;"2025-05-19 15:28:29";"2025-05-19 15:28:29";""
799;"VM 258 - Gobernador Elías Adre y Pablo lucero (B° 70 viviendas)";52;60;818;"2025-05-19 15:30:26";"2025-05-19 15:30:26";""
800;"VM 259 - Av. Maipu y Dr. Tallaferro";52;59;819;"2025-05-19 15:32:01";"2025-05-19 15:32:01";""
801;"VM 260 - Maipú y Pedernera";52;58;820;"2025-05-19 15:33:17";"2025-05-19 15:33:17";""
802;"VM 261 - Av. Adolfo Perez y Juan Allende";52;62;821;"2025-05-19 15:34:12";"2025-05-19 15:34:12";""
803;"VM 262 - Leon Guillet Y Gral. Guido";52;59;822;"2025-05-19 15:35:14";"2025-05-19 15:35:14";""
804;"VM 263 - Héroes de Malvinas y Capitán Bolsan";52;64;823;"2025-05-19 15:42:17";"2025-05-19 15:42:17";""
805;"VM 264 - Av. Adolfo Perez y Av. Ribera Sur";52;62;824;"2025-05-19 15:44:44";"2025-05-19 15:44:44";""
806;"VM 265 - Buenos Aires y Suipacha";52;58;825;"2025-05-19 15:46:27";"2025-05-19 15:46:27";""
807;"VM 266 - Benaros y Necochea";52;64;826;"2025-05-19 15:47:43";"2025-05-19 15:47:43";""
808;"VM 267 - España y San Cayetano";52;58;827;"2025-05-19 15:48:33";"2025-05-19 15:48:33";""
809;"VM 268 - Urquiza y Sgto. Baigorria";52;58;828;"2025-05-19 15:49:32";"2025-05-19 15:49:32";""
810;"VM 269 - Los Álamos y Dr. Domínguez";52;69;829;"2025-05-19 15:52:01";"2025-05-19 15:52:01";""
811;"VM 270 - Nelson y Carlos Pellegrini";52;66;830;"2025-05-19 15:52:48";"2025-05-19 15:52:48";""
812;"VM 271 - Av. Adolfo Perez y F. Huntaner";52;62;831;"2025-05-19 15:53:56";"2025-05-19 15:53:56";""
813;"VM 272 - Amaro Galán y San Luis";52;65;832;"2025-05-19 15:54:51";"2025-05-19 15:54:51";""
814;"VM 273 - Amaro Galán y Tucumán";52;63;833;"2025-05-19 15:55:56";"2025-05-19 15:55:56";""
815;"VM 274 - Santiago del Estero y Pueyrredón";52;69;834;"2025-05-19 15:57:59";"2025-05-19 15:57:59";""
816;"VM 275 - Centenario y Guayaquil";52;66;835;"2025-05-19 15:59:32";"2025-05-19 15:59:32";""
817;"VM 276 - Marcos Ibañez y Jose Robustelli";52;62;836;"2025-05-19 16:00:55";"2025-05-19 16:00:55";""
818;"VM 277 - Pueyrredón y Int. Almada";52;69;837;"2025-05-19 16:03:15";"2025-05-19 16:03:15";""
819;"VM 278 - Chacabuco y Rotonda Ruta 2B";52;61;838;"2025-05-19 16:04:26";"2025-05-19 16:04:26";""
820;"VM 279 - Presidente Perón y 1ro de Mayo";52;59;839;"2025-05-19 16:05:33";"2025-05-19 16:05:33";""
821;"VM 280 - Paraguay y Gral. Guido";52;65;840;"2025-05-19 16:06:40";"2025-05-19 16:06:40";""
822;"VM 281 - Av. Presidente Perón y Dr. Domínguez";52;69;841;"2025-05-19 16:07:42";"2025-05-19 16:07:42";""
823;"VM 282 - 25 de Mayo y Asia";52;69;842;"2025-05-19 16:08:41";"2025-05-19 16:08:41";""
824;"VM 283 - B° Union Mnza 6972 C° 1";52;62;843;"2025-05-19 16:09:51";"2025-05-19 16:09:51";""
825;"VM 284 - Jorge Ruarte y Ricardo Angel Haidar";52;62;844;"2025-05-19 16:11:16";"2025-05-19 16:11:16";""
826;"VM 285 - Sallorenzo y Estado de Israel";52;61;845;"2025-05-19 16:12:22";"2025-05-19 16:12:22";""
827;"VM 286 - Ángel R. Pes y Republica de Siria";52;64;846;"2025-05-19 16:13:12";"2025-05-19 16:13:12";""
828;"VM 287 - Ruta 8 y Leandro Alem";52;66;847;"2025-05-19 16:14:12";"2025-05-19 16:14:12";""
829;"VM 288 - Av. Mitre y Santa Fe";52;69;848;"2025-05-19 16:14:56";"2025-05-19 16:14:56";""
830;"VM 289 - Ruta 2B y Santiago Betbeder";52;61;849;"2025-05-19 16:16:36";"2025-05-19 16:16:36";""
831;"VM 290 - Güemes y Coronel Iseas";52;61;850;"2025-05-19 16:17:31";"2025-05-19 16:17:31";""
832;"VM 291 - Chile y Vicente Dupuy";52;65;851;"2025-05-19 16:18:37";"2025-05-19 16:18:37";""
833;"VM 292 - Uruguay y Bolivia";52;59;852;"2025-05-19 16:19:32";"2025-05-19 16:19:32";""
834;"VM 293 - Lisandro de la Torre y Nelson";52;65;853;"2025-05-19 16:20:35";"2025-05-19 16:20:35";""
835;"VM 294 - Pringles y Tallaferro";52;59;854;"2025-05-19 16:21:19";"2025-05-19 16:21:19";""
836;"VM 295 - Teniente Turrado y Pje. José Hernández";52;58;855;"2025-05-19 16:22:30";"2025-05-19 16:22:30";""
837;"VM 296 - Av. Presidente Perón y Madre Cabrini";52;69;856;"2025-05-19 16:23:57";"2025-05-19 16:23:57";""
838;"VM 297 - Amaro Galán y Vicente Dupuy";52;65;857;"2025-05-19 16:25:00";"2025-05-19 16:25:00";""
839;"VM 298 - Montevideo y Ecuador";52;67;858;"2025-05-19 16:26:12";"2025-05-19 16:26:12";""
840;"VM 299 - 1ro de Mayo y Landaburu";52;59;859;"2025-05-19 16:27:33";"2025-05-19 16:27:33";""
841;"VM 300 - Chacabuco y Jorge Luis Borges";52;61;860;"2025-05-19 16:28:51";"2025-05-19 16:28:51";""
842;"VM 301 - Necochea y Brasil";52;59;861;"2025-05-19 16:29:50";"2025-05-19 16:29:50";""
843;"VM 302 - Paraguay y Rufino Barreiro";52;65;862;"2025-05-19 16:30:50";"2025-05-19 16:30:50";""
844;"VM 303 - 25 de Mayo y Potosí";52;58;863;"2025-05-19 16:31:46";"2025-05-19 16:31:46";""
845;"VM 304 - Jujuy y Aldo Raul Avila";52;65;864;"2025-05-19 16:33:37";"2025-05-19 16:33:37";""
846;"VM 305 - Manuel Laínez y García Lorca";52;61;865;"2025-05-19 16:35:12";"2025-05-19 16:35:12";""
847;"VM 306 - Ruta 2B y Colectora Costanera Sur";52;62;866;"2025-05-19 16:36:32";"2025-05-19 16:36:32";""
848;"VM 307 - Montevideo y Intendente Almada";52;67;867;"2025-05-19 16:38:18";"2025-05-19 16:38:18";""
849;"VM 308 - Sallorenzo y Juan Llerena";52;61;868;"2025-05-19 16:39:44";"2025-05-19 16:39:44";""
850;"VM 309 - Maipú y Europa";52;59;869;"2025-05-19 16:40:45";"2025-05-19 16:40:45";""
851;"VM 310 - Balcarce y Manuel Laínez";52;69;870;"2025-05-19 16:41:40";"2025-05-19 16:41:40";""
852;"VM 311 - Italia y Córdoba";52;58;871;"2025-05-19 16:42:29";"2025-05-19 16:42:29";""
853;"VM 312 - 25 de Mayo y Chacabuco";52;69;872;"2025-05-19 16:43:29";"2025-05-19 16:43:29";""
854;"VM 313 - B° Union Mzna 6971 C° 4";52;62;873;"2025-05-19 16:44:25";"2025-05-19 16:44:25";""
855;"VM 314 - B° Union Mzna 6994 C°1";52;62;874;"2025-05-19 16:46:13";"2025-05-19 16:46:13";""
856;"VM 315 - B° Union Mzna 6989 C°11";52;62;875;"2025-05-19 16:46:57";"2025-05-19 16:46:57";""
857;"LPR - Baldecito - Hacia la Rioja";6;24;876;"2025-05-20 11:13:57";"2025-05-20 11:13:57";""
858;"LPR - Baldecito - Hacia San Luis";6;24;877;"2025-05-20 11:16:13";"2025-05-20 11:16:13";""
859;"LPR - Casimiro Gomez - Hacia La Pampa";44;51;878;"2025-05-20 11:19:42";"2025-05-20 11:19:42";""
860;"LPR - Casimiro Gomez - Hacia San Luis";44;51;879;"2025-05-20 11:22:29";"2025-05-20 11:23:37";""
861;"LPR - Corredor Vial - Hacia Riobamba";1;2;880;"2025-05-20 11:25:16";"2025-05-20 11:25:16";""
862;"LPR - Corredor Vial - Hacia Sarmiento";1;2;881;"2025-05-20 11:26:32";"2025-05-20 11:26:32";""
863;"LPR - Cortaderas R1 - Dominio Trasero Hacia Carpintería";35;41;882;"2025-05-20 11:31:47";"2025-05-20 11:31:47";""
864;"LPR - Desaguadero - Hacia Mendoza";3;21;883;"2025-05-20 11:48:54";"2025-05-20 11:48:54";""
865;"LPR - Desaguadero - Hacia San Luis";3;21;884;"2025-05-20 11:49:51";"2025-05-20 11:49:51";""
866;"LPR - EDIRO";1;7;885;"2025-05-20 11:51:18";"2025-05-20 11:51:18";""
867;"LPR - El Milagro - Dominio Trasero Hacia San Luis";16;15;886;"2025-05-20 11:54:29";"2025-05-20 11:54:29";""
868;"LPR - GNC Del Valle - Hacia el Este";1;1;887;"2025-05-20 11:56:49";"2025-05-20 11:56:49";""
869;"LPR - GNC Del Valle - Hacia el Oeste";1;1;888;"2025-05-20 11:58:12";"2025-05-20 11:58:12";""
870;"LPR - Hipódromo LP - Egreso de LP";16;12;889;"2025-05-20 12:00:59";"2025-05-20 12:00:59";""
871;"LPR - Hipódromo LP - Ingreso de LP";16;12;890;"2025-05-20 12:02:10";"2025-05-20 12:02:10";""
872;"LPR - JD y 147 - Hacia el Norte";1;16;891;"2025-05-20 12:04:38";"2025-05-20 12:04:38";""
873;"LPR - JD y 147 - Hacia el Sur";1;16;892;"2025-05-20 12:06:35";"2025-05-20 12:06:35";""
874;"LPR - JK - TTE Perón - Dominio Delantero Hacia Rotonda Cuchi Corral";14;14;893;"2025-05-20 12:10:02";"2025-05-20 12:10:02";""
875;"LPR - JK - Padilla";14;5;894;"2025-05-20 12:11:35";"2025-05-20 12:11:35";""
876;"LPR - La Cumbre - Hacia San Luis";1;5;895;"2025-05-20 12:14:16";"2025-05-20 12:14:16";""
877;"LPR - La Cumbre - Hacia Villa Mercedes";1;5;896;"2025-05-20 12:15:54";"2025-05-20 12:15:54";""
878;"LPR - La Horqueta - Hacia Mendoza";5;23;897;"2025-05-20 12:20:19";"2025-05-20 12:20:19";""
879;"LPR - La Horqueta - Hacia San Luis";5;23;898;"2025-05-20 12:24:18";"2025-05-20 12:24:18";""
880;"LPR - La Punilla - Dominio Trasero Ingreso a San Luis";50;56;899;"2025-05-20 12:35:33";"2025-05-20 12:35:33";""
881;"LPR - La Tranca - Hacia San Juan";55;73;900;"2025-05-20 12:53:13";"2025-05-20 12:53:13";""
882;"LPR - La Tranca - Hacia San Luis";55;73;901;"2025-05-20 13:10:15";"2025-05-20 13:10:15";""
883;"LPR - Lafinur y 146 - Dominio Trasero Hacia el Sur";1;11;902;"2025-05-20 13:13:13";"2025-05-20 13:13:13";""
884;"LPR - LP 86";16;12;903;"2025-05-20 13:38:11";"2025-05-20 13:38:11";""
885;"LPR - Justo Daract Egreso";40;46;904;"2025-05-20 15:10:29";"2025-05-20 15:10:29";""
886;"LPR - Justo Daract Ingreso";40;46;905;"2025-05-20 15:23:20";"2025-05-20 15:23:20";""
887;"LPR - Shell - Hacia San Luis";1;5;906;"2025-05-20 15:44:57";"2025-05-20 15:44:57";""
888;"LPR - VM Ing Norte (Ingreso)";52;67;907;"2025-05-20 15:58:46";"2025-05-20 15:58:46";""
889;"LPR - VM Ing Norte (Egreso)";52;69;908;"2025-05-20 16:00:12";"2025-05-20 16:00:12";""
890;"LPR - VM Rotonda del Indio - Ingreso a VM";52;62;909;"2025-05-20 16:01:21";"2025-05-20 16:01:21";""
891;"LPR - VM Rotonda del Indio - Egreso de VM";52;62;910;"2025-05-20 16:02:34";"2025-05-20 16:02:34";""
892;"LPR - VM Alem y Berrondo - Dominio delantero ingreso a VM";52;66;911;"2025-05-20 16:04:58";"2025-05-20 16:04:58";""
893;"LPR - Lujan - Dominio Trasero Hacia Quines";19;30;912;"2025-05-21 19:47:19";"2025-05-21 19:47:19";""
894;"LPR - Maternidad De La Punta A San Luis";1;7;913;"2025-05-21 19:49:02";"2025-05-21 19:49:02";""
895;"LPR - Merlo Ruta 1 Egreso";42;48;914;"2025-05-21 19:51:12";"2025-05-21 19:51:12";""
896;"LPR - Merlo Ruta 1 Ingreso";42;48;915;"2025-05-21 19:52:29";"2025-05-21 19:52:29";""
897;"LPR - Merlo Ruta 5 Egreso";42;48;916;"2025-05-21 19:53:54";"2025-05-21 19:53:54";""
898;"LPR - Merlo Ruta 5 Ingreso";42;48;917;"2025-05-21 19:55:27";"2025-05-21 19:55:27";""
899;"LPR - Naschel Ruta 148 - Hacia La Toma";43;50;918;"2025-05-21 19:58:35";"2025-05-21 19:58:35";""
900;"LPR - Peaje La Toma - Hacia La Toma";17;29;919;"2025-05-21 20:01:40";"2025-05-21 20:01:40";""
901;"LPR - Peaje La Toma - Hacia San Luis";17;29;920;"2025-05-21 20:03:03";"2025-05-21 20:03:03";""
902;"LPR - PL Justo Daract - Egreso San Luis";40;46;921;"2025-05-21 20:05:28";"2025-05-21 20:05:28";""
903;"LPR - PL Justo Daract - Ingreso San Luis";40;46;922;"2025-05-21 20:07:34";"2025-05-21 20:07:34";""
904;"LPR - PL Lafinur - Dominio Delantero Ingreso a San Luis";56;74;923;"2025-05-21 20:11:21";"2025-05-21 20:14:16";""
905;"LPR - PL Santa Rosa Egreso San Luis";47;54;924;"2025-05-21 20:19:39";"2025-05-21 20:19:39";""
906;"LPR - PL Santa Rosa Ingreso San Luis";47;54;925;"2025-05-21 20:22:03";"2025-05-21 20:22:03";""
907;"LPR - PL Vizcacheras - Dominio Trasero Ingreso San Luis";39;45;926;"2025-05-21 20:25:24";"2025-05-21 20:25:24";""
908;"LPR - Potrero - Pasando Ingreso al Hotel";21;13;927;"2025-05-21 20:31:07";"2025-05-21 20:31:07";""
909;"LPR - Ruta 9 B° Altos de Los Puquios - Dominio Trasero Hacia San Luis";14;5;928;"2025-05-21 20:34:02";"2025-05-21 20:34:02";""
910;"LPR - Ruta 55 Nueva Galia - Dominio Trasero Hacia Nueva Galia";44;51;929;"2025-05-21 20:38:46";"2025-05-21 20:38:46";""
911;"LPR - Rotonda Villa de La Quebrada";28;34;930;"2025-05-21 20:43:34";"2025-05-21 20:43:34";""
912;"LPR - Ruta 3 Hacia el Norte";1;18;931;"2025-05-21 20:46:00";"2025-05-21 20:46:00";""
913;"LPR - Ruta 3 Hacia el Sur";1;18;932;"2025-05-21 20:47:45";"2025-05-21 20:47:45";""
914;"LPR - Ruta 3 y Ruta 19";1;11;933;"2025-05-21 20:49:53";"2025-05-21 20:49:53";""
915;"LPR - Ruta 9 Egreso de Trapiche";11;26;934;"2025-05-21 20:52:27";"2025-05-21 20:52:27";""
916;"LPR - Ruta 9 Ingreso de Trapiche";11;26;935;"2025-05-21 20:54:05";"2025-05-21 20:54:05";""
917;"LPR - Ruta 147 y Rotonda Pescadores Dominio trasero Hacia San Luis";1;16;936;"2025-05-21 20:57:08";"2025-05-21 20:57:08";""
918;"LPR - Saladillo Hacia La Toma";24;51;937;"2025-05-21 21:02:21";"2025-05-21 21:02:21";""
919;"LPR - Saladillo Hacia La San Luis";24;51;938;"2025-05-21 21:04:06";"2025-05-21 21:04:06";""
920;"LPR - Santos Ortiz Rodeo del Alto Hacia El Oeste";1;19;939;"2025-05-21 21:10:37";"2025-05-21 21:10:37";""
921;"LPR - Suyuque - Dominio Delantero Hacia La Villa de La Quebrada";27;34;940;"2025-05-21 21:25:19";"2025-05-21 21:25:19";""
922;"LPR - Trinquete";1;3;941;"2025-05-21 21:26:40";"2025-05-21 21:26:40";""
923;"LPR - Villa de La Quebrada Dominio Trasero Ingreso VDLQ";28;34;942;"2025-05-21 21:28:49";"2025-05-21 21:28:49";""
924;"JK 58 Acceso Cerros Colorados";14;14;982;"2025-05-24 07:57:01";"2025-05-24 07:57:01";""
925;"SL 388 Corredor Eva Perón esq Sarmiento";1;2;983;"2025-05-24 07:58:28";"2025-05-24 07:58:28";""
926;"LPR - AV. 25 de Mayo - Hacia La Punta";1;7;1038;"2025-05-25 18:35:58";"2025-05-25 18:35:58";""
927;"SL 492 - Francia y José Hernández";1;16;1138;"2025-05-27 07:27:55";"2025-05-27 07:27:55";""
928;"LPR - AV. Universitaria";16;15;1236;"2025-07-15 11:07:39";"2025-07-15 11:07:39";""
