"id";"cause_name";"created_at";"updated_at";"deleted_at"
1;"AV. DAÑOS A BIENES DEL ESTADO PROVINCIAL - DAÑOS";"2025-05-15 18:04:21";"2025-05-15 18:50:43";""
2;"AV. ROBO";"2025-05-15 18:11:53";"2025-05-15 18:51:03";""
3;"TAREA INVESTIGATIVA";"2025-05-15 18:26:29";"2025-05-15 18:51:33";""
4;"AV. ROBO CALIFICADO EN POBLADO Y EN BANDA POR EL USO DE ARMA DE FUEGO";"2025-05-15 18:32:33";"2025-05-15 18:32:33";""
5;"AV. TENENCIA ILEGAL DE ARMA DE FUEGO DE USO CIVIL";"2025-05-15 18:49:32";"2025-05-15 18:49:32";""
6;"AV. HURTO";"2025-05-15 20:42:25";"2025-05-15 20:42:25";""
7;"AV. HURTO CALIFICADO";"2025-05-15 20:56:07";"2025-05-15 20:56:07";""
8;"AV. ARREBATO";"2025-05-19 11:04:40";"2025-05-19 11:04:40";""
9;"AV. DENUNCIA";"2025-05-19 11:06:17";"2025-05-25 04:25:36";"2025-05-25 04:25:36"
10;"Departamento de Homicidio San Luis";"2025-05-19 11:26:33";"2025-05-19 11:26:56";"2025-05-19 11:26:56"
11;"AV. TENTATIVA DE HOMICIDIO ";"2025-05-19 11:27:29";"2025-05-19 11:28:47";""
12;"AV. SOLICITUD DE PARADERO ";"2025-05-19 11:49:57";"2025-05-19 11:49:57";""
13;"AV. ROBO CALIFICADO POR ESCALAMIENTO";"2025-05-19 12:02:21";"2025-05-19 12:02:21";""
14;"AV. ESTAFA";"2025-05-19 12:25:46";"2025-05-19 12:25:46";""
15;"AV. ROBO CALIFICADO";"2025-05-19 13:20:29";"2025-05-19 13:20:29";""
16;"AV. HURTO CALIFICADO DE VEHÍCULO";"2025-05-22 11:09:01";"2025-05-22 11:09:01";""
17;"AV. HURTO- ROBO EN CONSURSO REAL";"2025-05-22 11:11:00";"2025-05-22 11:11:00";""
18;"AV. ROBO CALIFICADO EN POBLADO Y EL BANDA";"2025-05-22 11:45:27";"2025-05-22 12:03:25";"2025-05-22 12:03:25"
19;"AV. LESIONES - AMENAZAS - RESISTENCIA Y ATENTADO CONTRA LA AUTORIDAD";"2025-05-22 11:58:01";"2025-05-22 11:58:01";""
20;"AV. ROBO CALIFICADO EN POBLADO Y EN BANDA";"2025-05-22 12:10:49";"2025-05-22 12:10:49";""
21;"AV. HURTO - ESTAFA";"2025-05-22 12:13:49";"2025-05-22 12:13:49";""
22;"AV. ROBO DE AUTOMOTOR";"2025-05-22 13:14:29";"2025-05-22 13:14:29";""
23;"AV. ROBO CALIFICADO DE AUTOMOTOR";"2025-05-22 14:32:09";"2025-05-22 14:32:09";""
24;"AV. HURTO DE MOTOVEHICULO";"2025-05-22 14:39:04";"2025-05-22 14:39:04";""
25;"AV. ROBO CALIFICADO POR EL USO DE ARMA DE FUEGO";"2025-05-22 14:42:02";"2025-05-22 14:42:02";""
26;"AV. ROBO CALIFICADO EN POBLADO Y EL BANDA - PRIVACION ILEGITIMA DE LA LIBERTAD";"2025-05-22 14:47:28";"2025-05-22 14:47:28";""
27;"AV. DAÑOS";"2025-05-24 07:41:40";"2025-05-24 07:41:40";""
28;"AV. LESIONES CULPOSAS EN ACCIDENTE DE TRANSITO";"2025-05-24 07:54:47";"2025-05-24 07:54:47";""
29;"AV. ABUSO SEXUAL";"2025-05-25 03:51:49";"2025-05-25 03:51:49";""
30;"AV ROBO DOBLEMENTE CALIFICADO POR EL USO DE ARMA DE FUEGO Y EN POBLADO Y EN BANDA-ABUSO SEXUAL SIMPLE-LESIONES-TODO EN CONCURSO REAL";"2025-05-25 04:02:44";"2025-05-25 04:02:44";""
31;"AV DAÑOS-ABUSO DE ARMA DE FUEGO";"2025-05-25 04:03:40";"2025-05-25 04:03:40";""
32;"AV SU DENUNCIA";"2025-05-25 04:24:42";"2025-05-25 04:24:42";""
33;"AV. HOMICIDIO";"2025-05-25 05:22:17";"2025-05-25 05:22:17";""
34;"AV. ROBO CALIFICADO CON USO DE ARMA DE FUEGO - ROBO CALIFICADO EN GRADO DE TENTATIVA EN CONCURSO REAL ";"2025-05-25 05:33:40";"2025-05-25 05:33:40";""
35;"AV. ROBO EN GRADO DE TENTATIVA";"2025-05-25 06:27:57";"2025-05-25 06:27:57";""
36;"AV. MUERTE EN ACCIDENTE DE TRANSITO";"2025-05-25 06:31:57";"2025-05-25 06:31:57";""
37;"AV. ROBO REITERADO";"2025-05-25 06:34:41";"2025-05-25 06:34:41";""
38;"AV. ABUSO DE ARMA DE FUEGO, LESIONES LEVES Y DAÑOS EN CONCURSO REAL";"2025-05-25 06:57:52";"2025-05-25 06:57:52";""
39;"AV. HURTO EN GRADO DE TENTATIVA-LESIONES LEVES";"2025-05-25 07:24:19";"2025-05-25 07:24:19";""
40;"AV. SEXUAL SIMPLE";"2025-05-25 07:45:12";"2025-05-25 07:45:12";""
41;"AV. PROCEDENCIA DE RODADO";"2025-05-25 08:11:22";"2025-05-25 08:11:22";""
42;"AV. HURTO CALIFICADO POR ESCALAMIENTO";"2025-05-25 08:14:55";"2025-05-25 08:14:55";""
43;"AV. INFRACCIÓN LEY 23.737";"2025-05-25 08:40:06";"2025-05-25 16:40:14";""
44;"AV. ROBO CON PERFORACIÓN CON FRACTURA";"2025-05-25 08:40:56";"2025-05-25 08:40:56";""
45;"AV. ABUSO DE ARMA DE FUEGO - DAÑOS";"2025-05-25 18:16:44";"2025-05-25 18:16:44";""
46;"AV. ABUSO DE ARMA DE FUEGO EN CONCURSO REAL";"2025-05-25 18:44:17";"2025-05-25 18:44:17";""
47;"AV. HOMICIDIO EN GRADO DE TENTATIVA - ABUSO DE ARMA DE FUEGO LESIONES Y AMENAZAS EN CONCURSO REAL";"2025-05-25 19:25:39";"2025-05-25 19:25:39";""
48;"AV. ABUSO DE ARMA DE FUEGO";"2025-05-25 20:10:32";"2025-05-25 20:10:32";""
49;"ACTUACIONES COMPLEMENTARIAS";"2025-05-26 03:36:53";"2025-05-26 03:36:53";""
50;"AV. ROBO CALIFICADO POR DAÑOS EN LA SALUD A UN MENOR";"2025-05-26 03:44:21";"2025-05-26 03:44:21";""
51;"AV. INTIMIDACIÓN PÚBLICA";"2025-05-26 03:51:31";"2025-05-26 03:51:31";""
52;"AV. HOMICIDIO AGRAVADO POR EL USO DE ARMA EN GRADO DE TENTATIVA";"2025-05-26 04:43:07";"2025-05-26 04:43:07";""
53;"AV. INFRACCIÓN AL ART.239 DEL CODIGO PENAL ARGENTINO/S FUGA DEL SERVICIO PENITENCIARIO PROVINCIAL.";"2025-05-26 05:23:34";"2025-05-26 05:23:34";""
54;"AV. VIOLACIÓN DE DOMICILIO";"2025-05-26 05:36:05";"2025-05-26 05:36:05";""
55;"IMPUTADOS (DETENIDOS)";"2025-05-26 05:43:04";"2025-05-26 05:43:04";""
56;"AV. LESIONES Y AMENAZAS CON ARMA DE FUEGO";"2025-05-26 06:08:47";"2025-05-26 06:08:47";""
57;"AV. ENCUBRIMIENTO";"2025-05-26 06:33:53";"2025-05-26 06:33:53";""
58;"SOLICITUD DE COLABORACIÓN DE LA PROV. DE SAN JUAN";"2025-05-26 06:47:46";"2025-05-26 06:47:46";""
59;"AV. HURTO EN GRADO DE TENTATIVA, PROCEDENCIA DE AUTOMOTOR";"2025-05-26 07:03:14";"2025-05-26 07:03:14";""
60;"AV.  LESIONES GRAVISIMAS";"2025-05-26 07:26:26";"2025-05-26 07:26:26";""
61;"AV. LESIONES CALIFICADAS POR EL USO DE ARMA DE FUEGO-EN CONCURSO REAL-LESIONES-AMENAZAS-VIOLACION DE DOMICILIO";"2025-05-26 07:30:35";"2025-05-26 07:30:35";""
62;"AV. HURTO EN GRADO DE TENTATIVA ";"2025-05-26 07:38:53";"2025-05-26 07:38:53";""
63;"AV. LESIONES AGRAVADAS POR EL VINCULO Y POR MEDIAR VIOLENCIA DE GENERO ";"2025-05-26 14:09:11";"2025-05-26 14:09:11";""
64;"AV. HOMICIDIO CULPOSO EN ACCIDENTE DE TRANSITO";"2025-05-27 04:59:05";"2025-05-27 04:59:05";""
65;"AV. HOMICIDIO EN GRADO DE TENTATIVA";"2025-05-27 05:22:27";"2025-05-27 05:22:27";""
66;"TAREAS JUDICIALES DE CAMPO ";"2025-05-27 05:28:58";"2025-05-27 05:28:58";""
67;"AV. HURTO CALIFICADO REITERADO";"2025-05-27 05:36:45";"2025-05-27 05:36:45";""
68;"AV. ROBO - DAÑOS";"2025-05-27 05:48:18";"2025-05-27 05:48:18";""
69;"AV. HURTO AGRAVADO POR ESCALAMIENTO";"2025-05-27 06:42:58";"2025-05-27 06:42:58";""
70;"ACTUACIONES COMPLEMENTARIAS RELACIONADAS AL LEGAJO JUDICIAL N° 8280029/23";"2025-05-27 06:50:41";"2025-05-27 06:50:41";""
71;"AV. ROBO SIMPLE";"2025-05-27 07:07:11";"2025-05-27 07:07:11";""
72;"AV. ROBO CALIFICADO EN BANDA Y EN POBLADO AGRAVADO POR LA PARTICIPACIÓN DE MENORES";"2025-05-27 07:10:47";"2025-05-27 07:10:47";""
73;"AV. HURTO CALIFICADO POR SER EN POBLADO Y EN BANDA";"2025-05-27 07:24:56";"2025-05-27 07:24:56";""
74;"AV. ROBO CALIFICADO POR EL USO DE ARMA BLANCA";"2025-05-31 04:03:13";"2025-05-31 04:03:13";""
75;"AV. COMUNICA SITUACIÓN-MANIFESTACIÓN POR RECLAMOS DE EMPLEADOS DE LA MUNICIPADAD DE SAN LUIS.";"2025-05-31 04:42:54";"2025-05-31 04:42:54";""
76;"AV. COMUNICO SITUACIÓN";"2025-05-31 06:06:36";"2025-05-31 06:06:36";""
77;"AV. COMUNICO SITUACIÓN-MANIFESTACIÓN POR RECLAMO EX EMPLEADOS DEL PLAN DE INCLUSIÓN SOCIAL";"2025-05-31 06:12:01";"2025-05-31 06:12:01";""
78;"AV. HOMICIDIO CALIFICADO POR EL VINCULO Y POR MEDIAR VIOLENCIA DE GENERO EN GRADO DE TENTATIVA";"2025-05-31 06:14:13";"2025-05-31 06:14:13";""
79;"AV. LESIONES DOLOSAS-ATENTADO Y RESISTENCIA A LA  AUTORIDAD EN CONCURSO REAL";"2025-05-31 06:31:49";"2025-05-31 06:31:49";""
80;"“AV. LESIONES DOLOSAS - ATENTADO Y RESISTENCIA A LA  AUTORIDAD EN CONCURSO REAL”";"2025-06-02 11:33:46";"2025-06-02 11:33:46";""
81;"“AV. HURTO SIMPLE EN GRADO DE TENTATIVA”";"2025-06-02 11:45:27";"2025-06-02 11:45:27";""
82;"AV. LESIONES CON ARMA BLANCA";"2025-06-02 12:34:49";"2025-06-02 12:34:49";""
83;"AV. ROBO CALIFICADO POR ESCALAMIENTO - PRIVACION ILEGITIMA DE LA LIBERTAD";"2025-06-17 12:01:45";"2025-06-17 12:01:45";""
84;"AV. LESIONES-AMENAZAS";"2025-06-23 10:41:27";"2025-06-23 10:41:27";""
85;"AV HURTO CALIFICADO EN GRADO DE TENTATIVA AGRABADO POR LA PARTICIPACION DE UN MENOR";"2025-06-23 12:51:34";"2025-06-23 12:51:34";""
